"Label (Grouping)","Alabama!!Number!!Estimate","Alabama!!Number!!Margin of Error","Alabama!!Percent Distribution!!Estimate","Alabama!!Percent Distribution!!Margin of Error","Alabama!!Mean income (dollars)!!Estimate","Alabama!!Mean income (dollars)!!Margin of Error","Alaska!!Number!!Estimate","Alaska!!Number!!Margin of Error","Alaska!!Percent Distribution!!Estimate","Alaska!!Percent Distribution!!Margin of Error","Alaska!!Mean income (dollars)!!Estimate","Alaska!!Mean income (dollars)!!Margin of Error","Arizona!!Number!!Estimate","Arizona!!Number!!Margin of Error","Arizona!!Percent Distribution!!Estimate","Arizona!!Percent Distribution!!Margin of Error","Arizona!!Mean income (dollars)!!Estimate","Arizona!!Mean income (dollars)!!Margin of Error","Arkansas!!Number!!Estimate","Arkansas!!Number!!Margin of Error","Arkansas!!Percent Distribution!!Estimate","Arkansas!!Percent Distribution!!Margin of Error","Arkansas!!Mean income (dollars)!!Estimate","Arkansas!!Mean income (dollars)!!Margin of Error","California!!Number!!Estimate","California!!Number!!Margin of Error","California!!Percent Distribution!!Estimate","California!!Percent Distribution!!Margin of Error","California!!Mean income (dollars)!!Estimate","California!!Mean income (dollars)!!Margin of Error","Colorado!!Number!!Estimate","Colorado!!Number!!Margin of Error","Colorado!!Percent Distribution!!Estimate","Colorado!!Percent Distribution!!Margin of Error","Colorado!!Mean income (dollars)!!Estimate","Colorado!!Mean income (dollars)!!Margin of Error","Connecticut!!Number!!Estimate","Connecticut!!Number!!Margin of Error","Connecticut!!Percent Distribution!!Estimate","Connecticut!!Percent Distribution!!Margin of Error","Connecticut!!Mean income (dollars)!!Estimate","Connecticut!!Mean income (dollars)!!Margin of Error","Delaware!!Number!!Estimate","Delaware!!Number!!Margin of Error","Delaware!!Percent Distribution!!Estimate","Delaware!!Percent Distribution!!Margin of Error","Delaware!!Mean income (dollars)!!Estimate","Delaware!!Mean income (dollars)!!Margin of Error","District of Columbia!!Number!!Estimate","District of Columbia!!Number!!Margin of Error","District of Columbia!!Percent Distribution!!Estimate","District of Columbia!!Percent Distribution!!Margin of Error","District of Columbia!!Mean income (dollars)!!Estimate","District of Columbia!!Mean income (dollars)!!Margin of Error","Florida!!Number!!Estimate","Florida!!Number!!Margin of Error","Florida!!Percent Distribution!!Estimate","Florida!!Percent Distribution!!Margin of Error","Florida!!Mean income (dollars)!!Estimate","Florida!!Mean income (dollars)!!Margin of Error","Georgia!!Number!!Estimate","Georgia!!Number!!Margin of Error","Georgia!!Percent Distribution!!Estimate","Georgia!!Percent Distribution!!Margin of Error","Georgia!!Mean income (dollars)!!Estimate","Georgia!!Mean income (dollars)!!Margin of Error","Hawaii!!Number!!Estimate","Hawaii!!Number!!Margin of Error","Hawaii!!Percent Distribution!!Estimate","Hawaii!!Percent Distribution!!Margin of Error","Hawaii!!Mean income (dollars)!!Estimate","Hawaii!!Mean income (dollars)!!Margin of Error","Idaho!!Number!!Estimate","Idaho!!Number!!Margin of Error","Idaho!!Percent Distribution!!Estimate","Idaho!!Percent Distribution!!Margin of Error","Idaho!!Mean income (dollars)!!Estimate","Idaho!!Mean income (dollars)!!Margin of Error","Illinois!!Number!!Estimate","Illinois!!Number!!Margin of Error","Illinois!!Percent Distribution!!Estimate","Illinois!!Percent Distribution!!Margin of Error","Illinois!!Mean income (dollars)!!Estimate","Illinois!!Mean income (dollars)!!Margin of Error","Indiana!!Number!!Estimate","Indiana!!Number!!Margin of Error","Indiana!!Percent Distribution!!Estimate","Indiana!!Percent Distribution!!Margin of Error","Indiana!!Mean income (dollars)!!Estimate","Indiana!!Mean income (dollars)!!Margin of Error","Iowa!!Number!!Estimate","Iowa!!Number!!Margin of Error","Iowa!!Percent Distribution!!Estimate","Iowa!!Percent Distribution!!Margin of Error","Iowa!!Mean income (dollars)!!Estimate","Iowa!!Mean income (dollars)!!Margin of Error","Kansas!!Number!!Estimate","Kansas!!Number!!Margin of Error","Kansas!!Percent Distribution!!Estimate","Kansas!!Percent Distribution!!Margin of Error","Kansas!!Mean income (dollars)!!Estimate","Kansas!!Mean income (dollars)!!Margin of Error","Kentucky!!Number!!Estimate","Kentucky!!Number!!Margin of Error","Kentucky!!Percent Distribution!!Estimate","Kentucky!!Percent Distribution!!Margin of Error","Kentucky!!Mean income (dollars)!!Estimate","Kentucky!!Mean income (dollars)!!Margin of Error","Louisiana!!Number!!Estimate","Louisiana!!Number!!Margin of Error","Louisiana!!Percent Distribution!!Estimate","Louisiana!!Percent Distribution!!Margin of Error","Louisiana!!Mean income (dollars)!!Estimate","Louisiana!!Mean income (dollars)!!Margin of Error","Maine!!Number!!Estimate","Maine!!Number!!Margin of Error","Maine!!Percent Distribution!!Estimate","Maine!!Percent Distribution!!Margin of Error","Maine!!Mean income (dollars)!!Estimate","Maine!!Mean income (dollars)!!Margin of Error","Maryland!!Number!!Estimate","Maryland!!Number!!Margin of Error","Maryland!!Percent Distribution!!Estimate","Maryland!!Percent Distribution!!Margin of Error","Maryland!!Mean income (dollars)!!Estimate","Maryland!!Mean income (dollars)!!Margin of Error","Massachusetts!!Number!!Estimate","Massachusetts!!Number!!Margin of Error","Massachusetts!!Percent Distribution!!Estimate","Massachusetts!!Percent Distribution!!Margin of Error","Massachusetts!!Mean income (dollars)!!Estimate","Massachusetts!!Mean income (dollars)!!Margin of Error","Michigan!!Number!!Estimate","Michigan!!Number!!Margin of Error","Michigan!!Percent Distribution!!Estimate","Michigan!!Percent Distribution!!Margin of Error","Michigan!!Mean income (dollars)!!Estimate","Michigan!!Mean income (dollars)!!Margin of Error","Minnesota!!Number!!Estimate","Minnesota!!Number!!Margin of Error","Minnesota!!Percent Distribution!!Estimate","Minnesota!!Percent Distribution!!Margin of Error","Minnesota!!Mean income (dollars)!!Estimate","Minnesota!!Mean income (dollars)!!Margin of Error","Mississippi!!Number!!Estimate","Mississippi!!Number!!Margin of Error","Mississippi!!Percent Distribution!!Estimate","Mississippi!!Percent Distribution!!Margin of Error","Mississippi!!Mean income (dollars)!!Estimate","Mississippi!!Mean income (dollars)!!Margin of Error","Missouri!!Number!!Estimate","Missouri!!Number!!Margin of Error","Missouri!!Percent Distribution!!Estimate","Missouri!!Percent Distribution!!Margin of Error","Missouri!!Mean income (dollars)!!Estimate","Missouri!!Mean income (dollars)!!Margin of Error","Montana!!Number!!Estimate","Montana!!Number!!Margin of Error","Montana!!Percent Distribution!!Estimate","Montana!!Percent Distribution!!Margin of Error","Montana!!Mean income (dollars)!!Estimate","Montana!!Mean income (dollars)!!Margin of Error","Nebraska!!Number!!Estimate","Nebraska!!Number!!Margin of Error","Nebraska!!Percent Distribution!!Estimate","Nebraska!!Percent Distribution!!Margin of Error","Nebraska!!Mean income (dollars)!!Estimate","Nebraska!!Mean income (dollars)!!Margin of Error","Nevada!!Number!!Estimate","Nevada!!Number!!Margin of Error","Nevada!!Percent Distribution!!Estimate","Nevada!!Percent Distribution!!Margin of Error","Nevada!!Mean income (dollars)!!Estimate","Nevada!!Mean income (dollars)!!Margin of Error","New Hampshire!!Number!!Estimate","New Hampshire!!Number!!Margin of Error","New Hampshire!!Percent Distribution!!Estimate","New Hampshire!!Percent Distribution!!Margin of Error","New Hampshire!!Mean income (dollars)!!Estimate","New Hampshire!!Mean income (dollars)!!Margin of Error","New Jersey!!Number!!Estimate","New Jersey!!Number!!Margin of Error","New Jersey!!Percent Distribution!!Estimate","New Jersey!!Percent Distribution!!Margin of Error","New Jersey!!Mean income (dollars)!!Estimate","New Jersey!!Mean income (dollars)!!Margin of Error","New Mexico!!Number!!Estimate","New Mexico!!Number!!Margin of Error","New Mexico!!Percent Distribution!!Estimate","New Mexico!!Percent Distribution!!Margin of Error","New Mexico!!Mean income (dollars)!!Estimate","New Mexico!!Mean income (dollars)!!Margin of Error","New York!!Number!!Estimate","New York!!Number!!Margin of Error","New York!!Percent Distribution!!Estimate","New York!!Percent Distribution!!Margin of Error","New York!!Mean income (dollars)!!Estimate","New York!!Mean income (dollars)!!Margin of Error","North Carolina!!Number!!Estimate","North Carolina!!Number!!Margin of Error","North Carolina!!Percent Distribution!!Estimate","North Carolina!!Percent Distribution!!Margin of Error","North Carolina!!Mean income (dollars)!!Estimate","North Carolina!!Mean income (dollars)!!Margin of Error","North Dakota!!Number!!Estimate","North Dakota!!Number!!Margin of Error","North Dakota!!Percent Distribution!!Estimate","North Dakota!!Percent Distribution!!Margin of Error","North Dakota!!Mean income (dollars)!!Estimate","North Dakota!!Mean income (dollars)!!Margin of Error","Ohio!!Number!!Estimate","Ohio!!Number!!Margin of Error","Ohio!!Percent Distribution!!Estimate","Ohio!!Percent Distribution!!Margin of Error","Ohio!!Mean income (dollars)!!Estimate","Ohio!!Mean income (dollars)!!Margin of Error","Oklahoma!!Number!!Estimate","Oklahoma!!Number!!Margin of Error","Oklahoma!!Percent Distribution!!Estimate","Oklahoma!!Percent Distribution!!Margin of Error","Oklahoma!!Mean income (dollars)!!Estimate","Oklahoma!!Mean income (dollars)!!Margin of Error","Oregon!!Number!!Estimate","Oregon!!Number!!Margin of Error","Oregon!!Percent Distribution!!Estimate","Oregon!!Percent Distribution!!Margin of Error","Oregon!!Mean income (dollars)!!Estimate","Oregon!!Mean income (dollars)!!Margin of Error","Pennsylvania!!Number!!Estimate","Pennsylvania!!Number!!Margin of Error","Pennsylvania!!Percent Distribution!!Estimate","Pennsylvania!!Percent Distribution!!Margin of Error","Pennsylvania!!Mean income (dollars)!!Estimate","Pennsylvania!!Mean income (dollars)!!Margin of Error","Rhode Island!!Number!!Estimate","Rhode Island!!Number!!Margin of Error","Rhode Island!!Percent Distribution!!Estimate","Rhode Island!!Percent Distribution!!Margin of Error","Rhode Island!!Mean income (dollars)!!Estimate","Rhode Island!!Mean income (dollars)!!Margin of Error","South Carolina!!Number!!Estimate","South Carolina!!Number!!Margin of Error","South Carolina!!Percent Distribution!!Estimate","South Carolina!!Percent Distribution!!Margin of Error","South Carolina!!Mean income (dollars)!!Estimate","South Carolina!!Mean income (dollars)!!Margin of Error","South Dakota!!Number!!Estimate","South Dakota!!Number!!Margin of Error","South Dakota!!Percent Distribution!!Estimate","South Dakota!!Percent Distribution!!Margin of Error","South Dakota!!Mean income (dollars)!!Estimate","South Dakota!!Mean income (dollars)!!Margin of Error","Tennessee!!Number!!Estimate","Tennessee!!Number!!Margin of Error","Tennessee!!Percent Distribution!!Estimate","Tennessee!!Percent Distribution!!Margin of Error","Tennessee!!Mean income (dollars)!!Estimate","Tennessee!!Mean income (dollars)!!Margin of Error","Texas!!Number!!Estimate","Texas!!Number!!Margin of Error","Texas!!Percent Distribution!!Estimate","Texas!!Percent Distribution!!Margin of Error","Texas!!Mean income (dollars)!!Estimate","Texas!!Mean income (dollars)!!Margin of Error","Utah!!Number!!Estimate","Utah!!Number!!Margin of Error","Utah!!Percent Distribution!!Estimate","Utah!!Percent Distribution!!Margin of Error","Utah!!Mean income (dollars)!!Estimate","Utah!!Mean income (dollars)!!Margin of Error","Vermont!!Number!!Estimate","Vermont!!Number!!Margin of Error","Vermont!!Percent Distribution!!Estimate","Vermont!!Percent Distribution!!Margin of Error","Vermont!!Mean income (dollars)!!Estimate","Vermont!!Mean income (dollars)!!Margin of Error","Virginia!!Number!!Estimate","Virginia!!Number!!Margin of Error","Virginia!!Percent Distribution!!Estimate","Virginia!!Percent Distribution!!Margin of Error","Virginia!!Mean income (dollars)!!Estimate","Virginia!!Mean income (dollars)!!Margin of Error","Washington!!Number!!Estimate","Washington!!Number!!Margin of Error","Washington!!Percent Distribution!!Estimate","Washington!!Percent Distribution!!Margin of Error","Washington!!Mean income (dollars)!!Estimate","Washington!!Mean income (dollars)!!Margin of Error","West Virginia!!Number!!Estimate","West Virginia!!Number!!Margin of Error","West Virginia!!Percent Distribution!!Estimate","West Virginia!!Percent Distribution!!Margin of Error","West Virginia!!Mean income (dollars)!!Estimate","West Virginia!!Mean income (dollars)!!Margin of Error","Wisconsin!!Number!!Estimate","Wisconsin!!Number!!Margin of Error","Wisconsin!!Percent Distribution!!Estimate","Wisconsin!!Percent Distribution!!Margin of Error","Wisconsin!!Mean income (dollars)!!Estimate","Wisconsin!!Mean income (dollars)!!Margin of Error","Wyoming!!Number!!Estimate","Wyoming!!Number!!Margin of Error","Wyoming!!Percent Distribution!!Estimate","Wyoming!!Percent Distribution!!Margin of Error","Wyoming!!Mean income (dollars)!!Estimate","Wyoming!!Mean income (dollars)!!Margin of Error","Puerto Rico!!Number!!Estimate","Puerto Rico!!Number!!Margin of Error","Puerto Rico!!Percent Distribution!!Estimate","Puerto Rico!!Percent Distribution!!Margin of Error","Puerto Rico!!Mean income (dollars)!!Estimate","Puerto Rico!!Mean income (dollars)!!Margin of Error"
"HOUSEHOLD INCOME","","","","","","","","","","","","","","","","","","","","","","","","","","","","","","","","","","","","","","","","","","","","","","","","","","","","","","","","","","","","","","","","","","","","","","","","","","","","","","","","","","","","","","","","","","","","","","","","","","","","","","","","","","","","","","","","","","","","","","","","","","","","","","","","","","","","","","","","","","","","","","","","","","","","","","","","","","","","","","","","","","","","","","","","","","","","","","","","","","","","","","","","","","","","","","","","","","","","","","","","","","","","","","","","","","","","","","","","","","","","","","","","","","","","","","","","","","","","","","","","","","","","","","","","","","","","","","","","","","","","","","","","","","","","","","","","","","","","","","","","","","","","","","","","","","","","","","","","","","","","","","","","","","","","","","","",""
"    All households","1,888,504","±5,749","1,888,504","±5,749","71,964","±524","255,173","±1,326","255,173","±1,326","98,811","±1,165","2,643,430","±6,290","2,643,430","±6,290","84,380","±515","1,170,544","±4,411","1,170,544","±4,411","69,357","±648","13,103,114","±18,542","13,103,114","±18,542","111,622","±320","2,137,402","±4,703","2,137,402","±4,703","100,933","±594","1,385,437","±3,268","1,385,437","±3,268","115,337","±745","370,953","±1,823","370,953","±1,823","92,308","±1,355","288,307","±1,319","288,307","±1,319","133,587","±2,032","7,931,313","±23,200","7,931,313","±23,200","83,104","±375","3,830,264","±8,096","3,830,264","±8,096","85,691","±467","467,932","±1,883","467,932","±1,883","107,348","±1,158","649,299","±2,233","649,299","±2,233","77,399","±905","4,884,061","±8,585","4,884,061","±8,585","95,115","±360","2,602,770","±6,793","2,602,770","±6,793","76,984","±369","1,273,941","±4,037","1,273,941","±4,037","80,316","±490","1,141,985","±4,096","1,141,985","±4,096","82,103","±506","1,748,053","±5,379","1,748,053","±5,379","72,318","±481","1,751,956","±5,502","1,751,956","±5,502","73,759","±677","569,551","±2,285","569,551","±2,285","78,301","±665","2,230,527","±4,131","2,230,527","±4,131","114,236","±568","2,646,980","±4,188","2,646,980","±4,188","115,964","±563","3,980,408","±8,401","3,980,408","±8,401","80,803","±312","2,207,988","±5,616","2,207,988","±5,616","96,814","±386","1,116,649","±4,463","1,116,649","±4,463","65,156","±488","2,440,212","±6,698","2,440,212","±6,698","78,194","±433","436,048","±1,975","436,048","±1,975","76,834","±958","766,663","±2,410","766,663","±2,410","82,306","±689","1,130,011","±2,777","1,130,011","±2,777","84,350","±746","539,116","±1,981","539,116","±1,981","101,292","±828","3,272,054","±6,029","3,272,054","±6,029","117,868","±480","792,755","±2,457","792,755","±2,457","70,241","±602","7,417,224","±12,559","7,417,224","±12,559","105,304","±410","4,031,592","±8,480","4,031,592","±8,480","79,620","±412","320,873","±1,737","320,873","±1,737","85,506","±1,117","4,717,226","±9,371","4,717,226","±9,371","78,797","±279","1,493,569","±3,009","1,493,569","±3,009","74,195","±531","1,642,579","±3,451","1,642,579","±3,451","88,137","±556","5,106,601","±8,064","5,106,601","±8,064","87,262","±348","414,730","±1,881","414,730","±1,881","92,427","±1,274","1,961,481","±5,748","1,961,481","±5,748","76,390","±519","347,878","±1,737","347,878","±1,737","77,932","±948","2,639,455","±6,788","2,639,455","±6,788","76,937","±422","9,906,070","±18,881","9,906,070","±18,881","89,506","±315","1,003,345","±2,384","1,003,345","±2,384","94,452","±680","262,852","±1,220","262,852","±1,220","83,767","±1,048","3,184,121","±7,450","3,184,121","±7,450","106,023","±679","2,905,822","±5,585","2,905,822","±5,585","103,669","±473","734,235","±2,810","734,235","±2,810","65,332","±692","2,377,935","±5,709","2,377,935","±5,709","82,757","±379","233,231","±1,535","233,231","±1,535","83,583","±1,532","1,205,749","±3,649","1,205,749","±3,649","33,315","±282"
"        With earnings","1,361,896","±5,978","72.1%","±0.2","74,821","±585","213,037","±1,512","83.5%","±0.4","94,644","±1,224","1,977,058","±6,840","74.8%","±0.2","84,708","±593","854,877","±4,685","73.0%","±0.2","72,393","±809","10,599,418","±17,779","80.9%","±0.1","111,920","±323","1,746,669","±4,804","81.7%","±0.2","99,714","±606","1,091,013","±4,519","78.7%","±0.3","117,845","±767","282,155","±2,247","76.1%","±0.5","91,001","±1,501","234,965","±2,115","81.5%","±0.6","140,854","±2,413","5,763,419","±20,303","72.7%","±0.1","82,864","±378","3,029,043","±9,382","79.1%","±0.2","87,339","±488","377,286","±2,110","80.6%","±0.4","101,001","±1,174","503,999","±2,878","77.6%","±0.3","76,282","±935","3,830,680","±9,326","78.4%","±0.1","97,662","±408","2,022,809","±6,616","77.7%","±0.2","78,726","±407","1,000,684","±4,074","78.6%","±0.2","80,374","±553","906,078","±3,889","79.3%","±0.2","82,149","±583","1,274,510","±5,261","72.9%","±0.2","74,856","±576","1,291,979","±6,491","73.7%","±0.3","77,356","±698","423,197","±2,757","74.3%","±0.4","78,422","±808","1,816,626","±4,829","81.4%","±0.2","114,293","±617","2,096,773","±5,558","79.2%","±0.2","120,626","±661","2,961,783","±7,701","74.4%","±0.1","83,024","±368","1,764,386","±4,668","79.9%","±0.1","98,477","±415","807,603","±4,830","72.3%","±0.3","67,937","±594","1,858,153","±6,603","76.1%","±0.2","79,654","±444","332,612","±2,198","76.3%","±0.4","74,677","±986","621,089","±2,663","81.0%","±0.2","81,639","±753","880,427","±4,067","77.9%","±0.3","83,701","±842","428,983","±2,317","79.6%","±0.3","101,744","±1,041","2,618,331","±6,562","80.0%","±0.1","121,592","±585","577,101","±3,332","72.8%","±0.4","70,273","±710","5,732,196","±13,288","77.3%","±0.1","110,284","±458","3,081,404","±8,793","76.4%","±0.1","80,769","±450","262,975","±2,103","82.0%","±0.4","84,131","±1,176","3,576,877","±9,241","75.8%","±0.1","80,561","±326","1,135,438","±4,064","76.0%","±0.2","75,085","±553","1,251,799","±4,428","76.2%","±0.2","88,529","±660","3,866,168","±7,158","75.7%","±0.1","90,412","±381","317,479","±2,107","76.6%","±0.5","95,017","±1,348","1,453,380","±6,540","74.1%","±0.2","76,567","±535","279,252","±1,890","80.3%","±0.3","75,994","±1,022","1,999,071","±6,782","75.7%","±0.2","78,792","±473","8,184,859","±19,001","82.6%","±0.1","89,914","±306","843,005","±3,062","84.0%","±0.2","93,010","±653","202,530","±1,493","77.1%","±0.5","81,699","±1,094","2,536,296","±7,448","79.7%","±0.2","105,064","±532","2,298,495","±6,528","79.1%","±0.2","105,056","±497","493,751","±3,277","67.2%","±0.3","68,700","±746","1,840,069","±5,171","77.4%","±0.2","83,616","±378","184,402","±1,852","79.1%","±0.5","82,036","±1,721","667,366","±4,526","55.3%","±0.3","39,673","±466"
"            With wages or salary income","1,313,837","±6,174","69.6%","±0.2","73,030","±563","204,271","±1,583","80.1%","±0.5","92,165","±1,218","1,899,046","±6,926","71.8%","±0.2","82,837","±554","821,827","±5,122","70.2%","±0.3","70,346","±823","10,088,278","±20,634","77.0%","±0.1","108,927","±313","1,683,579","±5,061","78.8%","±0.2","96,673","±563","1,050,659","±4,915","75.8%","±0.3","114,434","±750","273,751","±2,194","73.8%","±0.5","89,697","±1,454","229,400","±2,256","79.6%","±0.6","136,813","±2,445","5,536,157","±20,730","69.8%","±0.1","80,824","±366","2,928,172","±10,453","76.4%","±0.2","85,230","±484","361,608","±2,132","77.3%","±0.4","97,895","±985","481,632","±2,909","74.2%","±0.4","72,923","±789","3,723,543","±9,895","76.2%","±0.1","95,670","±389","1,968,353","±6,717","75.6%","±0.2","76,797","±418","964,098","±4,348","75.7%","±0.2","77,418","±540","874,804","±3,988","76.6%","±0.2","79,612","±578","1,230,847","±5,281","70.4%","±0.2","73,006","±547","1,239,027","±6,938","70.7%","±0.3","74,776","±618","400,975","±2,876","70.4%","±0.4","76,451","±800","1,768,147","±4,818","79.3%","±0.2","111,715","±575","2,029,934","±5,644","76.7%","±0.2","117,556","±615","2,871,206","±7,784","72.1%","±0.1","81,358","±350","1,712,388","±5,072","77.6%","±0.1","95,650","±405","778,165","±4,872","69.7%","±0.3","66,332","±619","1,796,019","±6,704","73.6%","±0.2","77,616","±420","315,203","±2,357","72.3%","±0.4","70,838","±1,027","600,218","±3,021","78.3%","±0.3","78,491","±666","849,001","±3,930","75.1%","±0.3","80,995","±787","413,253","±2,418","76.7%","±0.4","98,914","±1,078","2,549,676","±7,346","77.9%","±0.2","118,634","±560","548,491","±3,412","69.2%","±0.4","69,290","±676","5,539,353","±14,197","74.7%","±0.1","107,628","±459","2,976,129","±9,043","73.8%","±0.1","79,184","±454","252,155","±2,006","78.6%","±0.4","78,380","±1,045","3,471,238","±9,789","73.6%","±0.1","78,778","±329","1,087,764","±4,261","72.8%","±0.3","72,849","±510","1,199,865","±4,266","73.0%","±0.2","85,911","±596","3,751,050","±7,657","73.5%","±0.1","88,158","±395","308,062","±2,117","74.3%","±0.5","92,640","±1,245","1,403,377","±6,589","71.5%","±0.2","74,430","±527","266,122","±2,005","76.5%","±0.4","71,453","±947","1,914,427","±6,982","72.5%","±0.2","76,066","±451","7,845,713","±20,294","79.2%","±0.1","87,478","±261","823,659","±3,253","82.1%","±0.3","89,913","±648","191,780","±1,614","73.0%","±0.5","79,496","±1,054","2,468,252","±7,585","77.5%","±0.2","102,779","±508","2,227,487","±6,811","76.7%","±0.2","102,339","±468","480,554","±3,329","65.4%","±0.3","67,494","±704","1,788,154","±5,352","75.2%","±0.2","81,561","±346","177,907","±1,846","76.3%","±0.5","79,140","±1,655","611,061","±4,222","50.7%","±0.3","39,320","±435"
"            With self-employment income","162,880","±2,885","8.6%","±0.1","36,526","±1,452","36,425","±1,445","14.3%","±0.6","36,682","±2,069","276,314","±3,326","10.5%","±0.1","36,775","±1,470","112,225","±2,514","9.6%","±0.2","36,313","±1,636","1,862,219","±8,756","14.2%","±0.1","46,935","±556","291,774","±4,536","13.7%","±0.2","39,113","±1,211","165,835","±2,642","12.0%","±0.2","50,285","±1,679","31,286","±1,318","8.4%","±0.3","35,855","±3,102","30,938","±1,502","10.7%","±0.5","55,304","±5,847","795,247","±8,338","10.0%","±0.1","37,883","±744","391,928","±5,055","10.2%","±0.1","38,234","±1,073","65,329","±1,742","14.0%","±0.4","41,429","±2,520","89,642","±2,596","13.8%","±0.4","37,081","±2,157","460,007","±4,769","9.4%","±0.1","38,871","±917","244,003","±3,821","9.4%","±0.1","33,136","±1,142","162,637","±2,690","12.8%","±0.2","35,603","±1,154","139,677","±2,571","12.2%","±0.2","34,277","±1,209","167,800","±2,995","9.6%","±0.2","33,049","±1,269","171,347","±3,426","9.8%","±0.2","42,560","±2,294","82,076","±1,524","14.4%","±0.3","30,860","±1,087","245,883","±3,480","11.0%","±0.2","41,073","±1,310","299,401","±4,047","11.3%","±0.2","47,740","±1,478","370,427","±4,118","9.3%","±0.1","33,217","±786","266,735","±3,031","12.1%","±0.1","37,348","±939","96,488","±1,969","8.6%","±0.2","33,675","±1,667","250,644","±3,276","10.3%","±0.1","34,348","±1,005","66,510","±1,923","15.3%","±0.4","37,737","±1,727","101,513","±1,910","13.2%","±0.2","35,395","±1,485","109,321","±2,285","9.7%","±0.2","45,077","±3,319","67,777","±2,056","12.6%","±0.4","40,872","±1,936","314,218","±4,153","9.6%","±0.1","50,570","±1,298","79,402","±2,524","10.0%","±0.3","32,115","±1,921","783,116","±7,009","10.6%","±0.1","45,938","±852","401,018","±5,228","9.9%","±0.1","32,962","±842","47,753","±1,036","14.9%","±0.3","49,434","±3,065","436,790","±4,346","9.3%","±0.1","33,656","±892","166,077","±2,677","11.1%","±0.2","36,196","±1,044","213,557","±3,370","13.0%","±0.2","36,236","±1,268","478,413","±5,015","9.4%","±0.1","39,433","±873","38,975","±1,525","9.4%","±0.4","41,742","±3,510","179,870","±3,617","9.2%","±0.2","37,953","±1,876","54,716","±1,381","15.7%","±0.4","40,320","±2,020","289,067","±3,510","11.0%","±0.1","41,128","±1,268","1,198,915","±10,009","12.1%","±0.1","41,377","±720","129,742","±2,621","12.9%","±0.3","33,530","±1,431","40,425","±1,213","15.4%","±0.5","32,178","±1,881","324,876","±4,752","10.2%","±0.1","39,365","±1,313","332,752","±4,576","11.5%","±0.2","40,607","±1,103","47,628","±1,608","6.5%","±0.2","31,205","±2,340","236,636","±3,137","10.0%","±0.1","33,875","±844","29,046","±1,386","12.5%","±0.6","36,087","±3,186","106,676","±2,426","8.8%","±0.2","22,962","±1,103"
"        With interest, dividends, or net rental income","298,260","±3,962","15.8%","±0.2","18,736","±828","113,426","±1,871","44.5%","±0.7","10,064","±835","516,364","±4,959","19.5%","±0.2","25,864","±1,011","187,346","±3,480","16.0%","±0.3","18,550","±1,058","2,899,112","±19,251","22.1%","±0.1","31,076","±344","518,833","±4,826","24.3%","±0.2","24,242","±597","350,691","±3,860","25.3%","±0.3","25,953","±786","82,960","±2,166","22.4%","±0.6","19,725","±1,485","73,255","±1,823","25.4%","±0.6","28,222","±2,009","1,650,692","±15,993","20.8%","±0.2","30,469","±598","611,579","±8,480","16.0%","±0.2","21,462","±847","138,472","±2,391","29.6%","±0.5","24,996","±1,590","134,299","±2,727","20.7%","±0.4","20,016","±1,904","1,039,676","±8,189","21.3%","±0.2","21,666","±515","466,716","±5,113","17.9%","±0.2","16,868","±750","294,078","±3,734","23.1%","±0.3","19,717","±917","251,830","±3,531","22.1%","±0.3","18,628","±784","284,680","±4,059","16.3%","±0.2","21,234","±1,319","270,927","±5,206","15.5%","±0.3","23,224","±1,468","134,879","±2,439","23.7%","±0.4","20,330","±1,179","508,530","±5,172","22.8%","±0.2","21,686","±846","670,923","±6,039","25.3%","±0.2","24,637","±680","800,534","±7,256","20.1%","±0.2","17,782","±545","521,895","±4,728","23.6%","±0.2","19,937","±602","138,377","±3,079","12.4%","±0.3","20,133","±1,389","474,800","±5,968","19.5%","±0.2","19,232","±786","119,909","±2,327","27.5%","±0.5","20,952","±1,542","168,427","±2,566","22.0%","±0.3","19,108","±907","184,227","±2,929","16.3%","±0.3","27,632","±1,220","133,406","±2,381","24.7%","±0.4","20,941","±1,472","783,977","±7,135","24.0%","±0.2","22,291","±577","141,331","±2,923","17.8%","±0.4","19,646","±942","1,564,955","±12,026","21.1%","±0.1","25,279","±478","754,496","±6,967","18.7%","±0.2","20,512","±635","77,014","±1,565","24.0%","±0.5","24,901","±1,356","919,595","±7,800","19.5%","±0.1","17,844","±431","273,644","±3,487","18.3%","±0.2","19,172","±902","401,874","±4,945","24.5%","±0.3","21,272","±630","1,180,014","±8,146","23.1%","±0.1","17,289","±495","92,021","±2,178","22.2%","±0.5","23,727","±2,199","338,419","±4,650","17.3%","±0.2","23,398","±1,041","83,524","±1,910","24.0%","±0.5","20,186","±1,274","454,615","±5,789","17.2%","±0.2","20,395","±953","1,611,249","±16,871","16.3%","±0.1","23,701","±522","203,127","±3,443","20.2%","±0.3","20,487","±1,060","73,750","±1,529","28.1%","±0.6","21,608","±1,835","749,402","±8,149","23.5%","±0.2","22,810","±1,264","725,807","±6,326","25.0%","±0.2","23,157","±898","119,675","±2,721","16.3%","±0.4","17,654","±1,548","572,452","±4,407","24.1%","±0.2","17,140","±652","58,685","±1,549","25.2%","±0.6","18,984","±2,345","51,313","±1,567","4.3%","±0.1","21,917","±1,996"
"        With Social Security income","677,303","±4,731","35.9%","±0.2","19,700","±106","61,676","±1,035","24.2%","±0.4","17,837","±331","905,661","±4,645","34.3%","±0.2","21,338","±99","420,921","±2,882","36.0%","±0.2","19,242","±109","3,674,795","±10,361","28.0%","±0.1","19,597","±49","557,238","±3,235","26.1%","±0.1","20,118","±115","439,260","±3,405","31.7%","±0.2","21,670","±150","132,700","±1,437","35.8%","±0.4","22,546","±245","55,645","±1,377","19.3%","±0.5","17,174","±394","2,978,751","±13,473","37.6%","±0.1","20,545","±59","1,124,022","±6,458","29.3%","±0.1","19,624","±91","169,974","±1,735","36.3%","±0.3","20,747","±217","211,976","±2,044","32.6%","±0.3","20,552","±201","1,424,848","±5,144","29.2%","±0.1","20,054","±85","835,140","±4,059","32.1%","±0.1","20,596","±104","400,180","±2,161","31.4%","±0.2","20,443","±118","349,569","±2,430","30.6%","±0.2","20,694","±127","619,708","±3,390","35.5%","±0.2","18,668","±100","557,820","±4,362","31.8%","±0.2","17,983","±168","211,741","±1,865","37.2%","±0.3","19,174","±151","634,872","±4,159","28.5%","±0.2","20,700","±116","800,310","±3,855","30.2%","±0.1","19,928","±104","1,387,612","±4,973","34.9%","±0.1","20,958","±67","649,190","±3,170","29.4%","±0.1","21,156","±94","395,533","±3,107","35.4%","±0.3","18,416","±146","808,516","±3,828","33.1%","±0.1","19,816","±104","149,630","±1,549","34.3%","±0.3","19,278","±196","224,384","±1,664","29.3%","±0.2","20,680","±154","344,336","±2,844","30.5%","±0.2","19,749","±153","182,091","±1,929","33.8%","±0.3","21,370","±196","1,028,180","±4,658","31.4%","±0.1","21,787","±98","278,458","±2,514","35.1%","±0.3","18,611","±161","2,346,085","±8,604","31.6%","±0.1","20,171","±63","1,319,887","±5,834","32.7%","±0.1","20,098","±72","85,237","±1,112","26.6%","±0.4","19,581","±228","1,508,847","±5,741","32.0%","±0.1","19,252","±52","484,191","±3,795","32.4%","±0.2","19,533","±120","546,400","±3,453","33.3%","±0.2","20,720","±114","1,796,869","±6,536","35.2%","±0.1","20,529","±66","137,848","±2,037","33.2%","±0.5","19,444","±257","701,204","±4,356","35.7%","±0.2","20,386","±97","105,700","±1,325","30.4%","±0.4","19,016","±193","885,344","±4,463","33.5%","±0.1","20,005","±88","2,536,339","±11,433","25.6%","±0.1","19,267","±63","244,904","±2,019","24.4%","±0.2","21,402","±211","94,194","±1,229","35.8%","±0.5","20,481","±287","958,506","±5,381","30.1%","±0.1","20,533","±91","853,686","±4,284","29.4%","±0.1","21,204","±105","306,092","±2,453","41.7%","±0.3","19,675","±151","765,850","±3,927","32.2%","±0.1","20,703","±92","73,495","±1,204","31.5%","±0.6","20,495","±318","545,114","±3,266","45.2%","±0.3","13,426","±76"
"        With Supplemental Security Income (SSI)","125,230","±2,953","6.6%","±0.2","9,833","±152","11,013","±685","4.3%","±0.3","10,476","±358","114,021","±2,411","4.3%","±0.1","10,509","±147","75,715","±2,172","6.5%","±0.2","9,709","±148","793,001","±6,396","6.1%","±0.1","10,262","±58","72,118","±1,866","3.4%","±0.1","10,428","±175","65,221","±2,113","4.7%","±0.2","10,210","±219","16,992","±977","4.6%","±0.3","10,707","±422","14,186","±972","4.9%","±0.3","9,380","±336","396,002","±5,830","5.0%","±0.1","10,060","±87","202,365","±4,709","5.3%","±0.1","10,034","±118","18,965","±953","4.1%","±0.2","10,081","±346","29,899","±1,412","4.6%","±0.2","10,552","±300","222,462","±2,759","4.6%","±0.1","10,336","±100","131,172","±2,928","5.0%","±0.1","10,664","±128","51,928","±1,433","4.1%","±0.1","10,396","±167","46,885","±1,315","4.1%","±0.1","9,778","±210","129,244","±2,867","7.4%","±0.2","9,599","±112","123,908","±2,971","7.1%","±0.2","9,693","±166","34,593","±1,255","6.1%","±0.2","10,115","±241","99,364","±2,355","4.5%","±0.1","10,223","±152","156,847","±2,800","5.9%","±0.1","10,248","±121","239,304","±3,545","6.0%","±0.1","10,364","±88","90,257","±2,262","4.1%","±0.1","10,706","±152","84,481","±2,145","7.6%","±0.2","9,583","±174","130,524","±2,830","5.3%","±0.1","9,981","±118","16,655","±909","3.8%","±0.2","9,671","±258","28,888","±955","3.8%","±0.1","10,221","±235","46,314","±1,695","4.1%","±0.1","10,531","±213","24,664","±1,166","4.6%","±0.2","11,003","±293","143,798","±3,179","4.4%","±0.1","10,639","±159","50,153","±1,883","6.3%","±0.2","9,705","±232","456,620","±5,122","6.2%","±0.1","9,826","±58","192,009","±3,447","4.8%","±0.1","9,850","±118","9,429","±691","2.9%","±0.2","10,205","±468","278,617","±3,697","5.9%","±0.1","10,185","±90","81,233","±1,922","5.4%","±0.1","10,172","±207","78,125","±2,327","4.8%","±0.1","10,082","±168","283,452","±3,888","5.6%","±0.1","10,277","±83","28,489","±1,364","6.9%","±0.3","10,739","±298","98,591","±2,483","5.0%","±0.1","9,841","±146","13,416","±772","3.9%","±0.2","9,571","±351","149,714","±2,879","5.7%","±0.1","10,151","±124","457,489","±6,185","4.6%","±0.1","9,608","±72","35,860","±1,315","3.6%","±0.1","10,780","±253","14,477","±779","5.5%","±0.3","10,634","±362","135,199","±2,680","4.2%","±0.1","9,823","±115","133,173","±2,706","4.6%","±0.1","10,433","±140","54,124","±1,701","7.4%","±0.2","9,613","±157","109,611","±2,168","4.6%","±0.1","10,818","±141","8,046","±654","3.4%","±0.3","10,055","±453","5,429","±453","0.5%","±0.1","9,807","±610"
"        With cash public assistance income or Food Stamps/SNAP","259,588","±3,763","13.7%","±0.2","(X)","(X)","32,882","±1,189","12.9%","±0.5","(X)","(X)","296,277","±4,691","11.2%","±0.2","(X)","(X)","142,849","±2,634","12.2%","±0.2","(X)","(X)","1,342,483","±9,897","10.2%","±0.1","(X)","(X)","171,884","±3,549","8.0%","±0.2","(X)","(X)","172,078","±3,456","12.4%","±0.2","(X)","(X)","42,716","±1,659","11.5%","±0.4","(X)","(X)","37,408","±1,501","13.0%","±0.5","(X)","(X)","1,098,966","±10,357","13.9%","±0.1","(X)","(X)","489,601","±5,394","12.8%","±0.1","(X)","(X)","55,230","±1,725","11.8%","±0.4","(X)","(X)","64,788","±1,942","10.0%","±0.3","(X)","(X)","641,640","±4,998","13.1%","±0.1","(X)","(X)","255,199","±4,004","9.8%","±0.2","(X)","(X)","134,714","±2,264","10.6%","±0.2","(X)","(X)","89,377","±2,191","7.8%","±0.2","(X)","(X)","237,618","±3,072","13.6%","±0.2","(X)","(X)","277,493","±4,773","15.8%","±0.3","(X)","(X)","76,635","±1,976","13.5%","±0.3","(X)","(X)","241,277","±3,632","10.8%","±0.2","(X)","(X)","330,850","±3,790","12.5%","±0.1","(X)","(X)","536,536","±5,461","13.5%","±0.1","(X)","(X)","185,503","±3,010","8.4%","±0.1","(X)","(X)","169,315","±2,841","15.2%","±0.2","(X)","(X)","270,014","±3,774","11.1%","±0.2","(X)","(X)","44,169","±1,469","10.1%","±0.3","(X)","(X)","66,891","±1,674","8.7%","±0.2","(X)","(X)","143,394","±2,925","12.7%","±0.3","(X)","(X)","40,066","±1,369","7.4%","±0.3","(X)","(X)","298,549","±4,361","9.1%","±0.1","(X)","(X)","140,660","±3,202","17.7%","±0.4","(X)","(X)","1,125,480","±7,846","15.2%","±0.1","(X)","(X)","502,860","±5,843","12.5%","±0.1","(X)","(X)","23,535","±1,109","7.3%","±0.3","(X)","(X)","626,449","±6,266","13.3%","±0.1","(X)","(X)","200,101","±3,016","13.4%","±0.2","(X)","(X)","263,054","±4,619","16.0%","±0.3","(X)","(X)","711,408","±5,701","13.9%","±0.1","(X)","(X)","65,764","±1,958","15.9%","±0.5","(X)","(X)","230,035","±4,005","11.7%","±0.2","(X)","(X)","32,882","±1,265","9.5%","±0.4","(X)","(X)","345,687","±4,922","13.1%","±0.2","(X)","(X)","1,197,164","±8,952","12.1%","±0.1","(X)","(X)","69,498","±2,002","6.9%","±0.2","(X)","(X)","30,148","±943","11.5%","±0.4","(X)","(X)","271,039","±3,752","8.5%","±0.1","(X)","(X)","350,046","±4,524","12.0%","±0.2","(X)","(X)","125,798","±2,354","17.1%","±0.3","(X)","(X)","259,409","±3,189","10.9%","±0.1","(X)","(X)","13,770","±799","5.9%","±0.3","(X)","(X)","509,827","±4,579","42.3%","±0.3","(X)","(X)"
"            With cash public assistance","29,976","±1,400","1.6%","±0.1","2,622","±179","15,625","±789","6.1%","±0.3","3,901","±190","47,592","±2,176","1.8%","±0.1","3,061","±270","21,461","±1,230","1.8%","±0.1","3,097","±362","437,677","±5,823","3.3%","±0.1","4,684","±59","45,838","±1,829","2.1%","±0.1","3,339","±140","46,390","±1,856","3.3%","±0.1","4,078","±178","9,089","±875","2.5%","±0.2","2,213","±197","10,271","±931","3.6%","±0.3","3,414","±306","177,524","±4,769","2.2%","±0.1","2,600","±78","63,879","±2,360","1.7%","±0.1","2,728","±140","16,334","±1,016","3.5%","±0.2","4,967","±316","18,940","±1,096","2.9%","±0.2","2,563","±235","114,262","±2,846","2.3%","±0.1","3,047","±87","43,650","±1,710","1.7%","±0.1","2,930","±146","26,457","±1,131","2.1%","±0.1","2,780","±214","19,369","±847","1.7%","±0.1","2,965","±212","32,922","±1,265","1.9%","±0.1","2,863","±117","32,878","±1,604","1.9%","±0.1","2,942","±138","16,022","±940","2.8%","±0.2","2,592","±170","50,475","±1,609","2.3%","±0.1","3,203","±119","75,002","±2,450","2.8%","±0.1","3,806","±120","99,619","±2,017","2.5%","±0.1","2,755","±100","71,008","±1,823","3.2%","±0.1","3,038","±100","24,062","±1,317","2.2%","±0.1","2,771","±217","45,375","±1,494","1.9%","±0.1","2,783","±118","10,996","±868","2.5%","±0.2","3,237","±270","14,470","±919","1.9%","±0.1","2,694","±208","34,421","±1,408","3.0%","±0.1","2,968","±148","13,004","±938","2.4%","±0.2","3,338","±382","63,267","±1,959","1.9%","±0.1","3,495","±127","27,270","±1,615","3.4%","±0.2","2,617","±140","256,916","±4,465","3.5%","±0.1","3,785","±77","65,571","±2,423","1.6%","±0.1","2,691","±132","6,399","±660","2.0%","±0.2","3,281","±376","132,303","±2,779","2.8%","±0.1","3,062","±84","41,492","±1,324","2.8%","±0.1","2,168","±111","60,346","±1,930","3.7%","±0.1","3,185","±168","162,509","±3,306","3.2%","±0.1","2,349","±52","17,958","±1,174","4.3%","±0.3","2,824","±214","26,754","±1,419","1.4%","±0.1","2,675","±153","7,589","±545","2.2%","±0.2","2,741","±207","54,060","±1,684","2.0%","±0.1","2,738","±110","165,628","±4,334","1.7%","±0.1","2,964","±104","15,578","±1,026","1.6%","±0.1","3,184","±245","7,868","±466","3.0%","±0.2","2,694","±158","62,122","±1,826","2.0%","±0.1","3,044","±158","88,241","±2,591","3.0%","±0.1","3,198","±138","20,096","±969","2.7%","±0.1","2,842","±199","44,928","±1,588","1.9%","±0.1","2,598","±112","3,676","±384","1.6%","±0.2","3,232","±492","86,890","±2,237","7.2%","±0.2","2,532","±68"
"        With retirement income","441,081","±5,160","23.4%","±0.2","24,896","±360","56,058","±1,228","22.0%","±0.5","36,023","±1,535","614,255","±5,366","23.2%","±0.2","28,725","±557","240,221","±2,759","20.5%","±0.2","21,967","±522","2,426,014","±15,307","18.5%","±0.1","34,737","±219","419,222","±3,701","19.6%","±0.2","32,379","±505","304,065","±3,329","21.9%","±0.2","32,052","±586","103,455","±1,862","27.9%","±0.5","31,283","±1,147","44,251","±1,364","15.3%","±0.5","43,080","±1,879","1,797,631","±14,180","22.7%","±0.1","30,158","±435","751,124","±8,384","19.6%","±0.2","27,961","±404","125,367","±1,777","26.8%","±0.4","32,294","±703","141,154","±2,375","21.7%","±0.4","24,752","±705","992,365","±6,702","20.3%","±0.1","31,223","±360","565,693","±5,115","21.7%","±0.2","20,542","±283","255,114","±2,702","20.0%","±0.2","22,308","±356","235,457","±2,670","20.6%","±0.2","23,294","±500","401,534","±4,172","23.0%","±0.2","24,419","±338","361,444","±5,167","20.6%","±0.3","26,512","±881","130,772","±2,354","23.0%","±0.4","25,545","±878","525,913","±4,984","23.6%","±0.2","35,732","±449","512,014","±4,456","19.3%","±0.2","31,198","±466","998,036","±5,305","25.1%","±0.1","24,389","±322","441,926","±3,599","20.0%","±0.1","26,385","±350","238,843","±3,442","21.4%","±0.3","23,347","±543","543,356","±5,280","22.3%","±0.2","24,125","±373","93,682","±1,786","21.5%","±0.4","25,463","±622","133,175","±2,103","17.4%","±0.3","23,821","±495","238,103","±3,349","21.1%","±0.3","31,171","±652","122,090","±2,016","22.6%","±0.4","26,395","±845","692,724","±5,852","21.2%","±0.2","30,660","±375","182,228","±2,586","23.0%","±0.3","29,707","±565","1,569,471","±9,983","21.2%","±0.1","30,326","±316","882,689","±6,989","21.9%","±0.2","25,324","±360","49,615","±1,269","15.5%","±0.4","23,347","±804","1,116,036","±6,158","23.7%","±0.1","26,316","±244","305,759","±4,072","20.5%","±0.3","23,963","±368","365,349","±4,026","22.2%","±0.2","28,565","±459","1,207,604","±7,719","23.6%","±0.1","24,392","±242","88,024","±1,737","21.2%","±0.4","27,118","±763","472,739","±5,307","24.1%","±0.3","26,227","±498","64,397","±1,344","18.5%","±0.4","24,020","±836","559,951","±5,568","21.2%","±0.2","23,715","±367","1,641,346","±12,496","16.6%","±0.1","27,471","±228","184,032","±2,625","18.3%","±0.3","28,632","±697","57,373","±1,246","21.8%","±0.5","24,870","±931","785,306","±6,105","24.7%","±0.2","35,306","±971","625,588","±4,801","21.5%","±0.2","29,351","±338","195,982","±2,663","26.7%","±0.4","21,118","±380","522,039","±4,103","22.0%","±0.2","25,378","±600","50,777","±1,411","21.8%","±0.6","26,465","±938","203,090","±2,427","16.8%","±0.2","17,870","±488"
"        With other types of income","212,319","±3,406","11.2%","±0.2","13,105","±273","106,514","±2,105","41.7%","±0.8","5,764","±217","279,469","±4,153","10.6%","±0.2","13,999","±300","121,329","±2,804","10.4%","±0.2","13,555","±409","1,370,811","±8,240","10.5%","±0.1","14,396","±124","239,723","±3,482","11.2%","±0.2","13,758","±278","153,363","±3,012","11.1%","±0.2","13,047","±326","38,678","±1,562","10.4%","±0.4","12,900","±757","20,628","±1,238","7.2%","±0.4","15,548","±974","774,183","±9,011","9.8%","±0.1","14,704","±181","394,209","±5,950","10.3%","±0.2","13,385","±243","53,994","±1,895","11.5%","±0.4","15,126","±542","78,619","±2,275","12.1%","±0.3","11,531","±520","428,965","±5,510","8.8%","±0.1","13,300","±225","273,367","±3,746","10.5%","±0.1","10,622","±244","141,994","±2,204","11.1%","±0.2","11,304","±258","120,704","±2,514","10.6%","±0.2","11,611","±309","197,215","±3,284","11.3%","±0.2","11,447","±297","167,271","±4,116","9.5%","±0.2","12,420","±316","68,571","±1,718","12.0%","±0.3","12,747","±342","221,349","±3,661","9.9%","±0.2","13,732","±316","263,843","±4,326","10.0%","±0.2","13,961","±306","454,855","±4,512","11.4%","±0.1","11,686","±182","263,506","±3,567","11.9%","±0.2","11,503","±225","123,055","±3,042","11.0%","±0.3","11,114","±383","260,996","±4,026","10.7%","±0.2","11,915","±250","54,758","±1,558","12.6%","±0.3","12,530","±578","90,780","±2,025","11.8%","±0.3","11,352","±322","124,583","±2,658","11.0%","±0.2","13,816","±369","55,882","±1,803","10.4%","±0.3","13,225","±510","324,577","±4,595","9.9%","±0.1","13,662","±238","90,380","±2,428","11.4%","±0.3","13,263","±415","652,408","±5,318","8.8%","±0.1","13,733","±239","411,629","±5,258","10.2%","±0.1","13,825","±220","34,963","±1,434","10.9%","±0.4","12,862","±566","504,563","±5,332","10.7%","±0.1","10,857","±161","189,486","±2,890","12.7%","±0.2","13,794","±300","209,863","±3,764","12.8%","±0.2","12,697","±311","530,281","±5,956","10.4%","±0.1","11,362","±169","46,680","±1,713","11.3%","±0.4","11,978","±483","215,773","±3,636","11.0%","±0.2","13,462","±281","41,132","±1,406","11.8%","±0.4","12,096","±529","285,854","±4,691","10.8%","±0.2","12,702","±235","1,053,634","±9,639","10.6%","±0.1","12,993","±141","103,909","±2,350","10.4%","±0.2","12,048","±367","28,687","±982","10.9%","±0.4","12,094","±609","366,329","±4,205","11.5%","±0.1","13,923","±226","359,235","±4,906","12.4%","±0.2","13,447","±204","92,884","±2,362","12.7%","±0.3","12,881","±407","249,028","±3,247","10.5%","±0.1","10,889","±196","29,899","±1,353","12.8%","±0.6","10,356","±711","145,027","±3,142","12.0%","±0.3","9,286","±267"
"FAMILY INCOME BY NUMBER OF WORKERS IN FAMILY","","","","","","","","","","","","","","","","","","","","","","","","","","","","","","","","","","","","","","","","","","","","","","","","","","","","","","","","","","","","","","","","","","","","","","","","","","","","","","","","","","","","","","","","","","","","","","","","","","","","","","","","","","","","","","","","","","","","","","","","","","","","","","","","","","","","","","","","","","","","","","","","","","","","","","","","","","","","","","","","","","","","","","","","","","","","","","","","","","","","","","","","","","","","","","","","","","","","","","","","","","","","","","","","","","","","","","","","","","","","","","","","","","","","","","","","","","","","","","","","","","","","","","","","","","","","","","","","","","","","","","","","","","","","","","","","","","","","","","","","","","","","","","","","","","","","","","","","","","","","","","","","","","","","","","","",""
"    All families","1,234,552","±7,117","1,234,552","±7,117","86,610","±677","167,815","±1,899","167,815","±1,899","112,443","±1,512","1,720,736","±8,674","1,720,736","±8,674","97,003","±632","770,111","±5,118","770,111","±5,118","82,767","±937","8,986,666","±23,960","8,986,666","±23,960","124,332","±420","1,358,903","±5,475","1,358,903","±5,475","119,073","±762","902,996","±4,503","902,996","±4,503","139,506","±1,149","243,012","±2,819","243,012","±2,819","107,809","±1,562","123,496","±2,351","123,496","±2,351","173,874","±3,283","5,118,059","±22,339","5,118,059","±22,339","96,492","±477","2,565,233","±11,297","2,565,233","±11,297","99,832","±621","324,482","±2,611","324,482","±2,611","120,352","±1,396","441,391","±3,461","441,391","±3,461","90,514","±1,202","3,116,415","±10,228","3,116,415","±10,228","113,734","±540","1,679,392","±8,218","1,679,392","±8,218","91,731","±512","800,738","±3,998","800,738","±3,998","97,161","±746","737,611","±3,868","737,611","±3,868","99,062","±646","1,139,116","±5,548","1,139,116","±5,548","85,749","±645","1,116,752","±6,697","1,116,752","±6,697","88,371","±849","349,955","±2,947","349,955","±2,947","94,310","±1,087","1,479,378","±6,420","1,479,378","±6,420","133,817","±838","1,673,992","±6,251","1,673,992","±6,251","139,154","±876","2,526,437","±8,567","2,526,437","±8,567","97,175","±425","1,404,798","±6,373","1,404,798","±6,373","116,714","±559","740,489","±5,332","740,489","±5,332","77,072","±658","1,551,056","±8,319","1,551,056","±8,319","93,919","±637","267,258","±2,749","267,258","±2,749","94,034","±1,358","488,849","±2,562","488,849","±2,562","99,693","±945","720,213","±5,529","720,213","±5,529","96,532","±873","351,445","±2,510","351,445","±2,510","120,331","±1,248","2,247,306","±7,248","2,247,306","±7,248","138,130","±706","496,734","±3,462","496,734","±3,462","82,405","±875","4,670,153","±13,354","4,670,153","±13,354","123,221","±600","2,625,055","±10,866","2,625,055","±10,866","94,483","±544","189,465","±2,018","189,465","±2,018","106,573","±1,616","2,952,151","±9,962","2,952,151","±9,962","95,193","±417","975,207","±4,447","975,207","±4,447","88,048","±721","1,034,877","±5,606","1,034,877","±5,606","103,600","±779","3,254,545","±8,811","3,254,545","±8,811","105,058","±451","257,849","±2,332","257,849","±2,332","111,700","±1,774","1,280,623","±7,141","1,280,623","±7,141","90,694","±704","218,705","±2,183","218,705","±2,183","94,036","±1,308","1,726,939","±7,286","1,726,939","±7,286","91,215","±619","6,838,900","±21,582","6,838,900","±21,582","102,456","±425","746,286","±3,953","746,286","±3,953","105,348","±781","157,105","±1,448","157,105","±1,448","102,413","±1,622","2,103,100","±9,504","2,103,100","±9,504","123,883","±709","1,874,376","±7,594","1,874,376","±7,594","120,270","±681","470,391","±4,024","470,391","±4,024","78,106","±840","1,479,364","±5,669","1,479,364","±5,669","100,128","±532","149,353","±1,987","149,353","±1,987","98,307","±1,977","810,494","±4,454","810,494","±4,454","37,911","±380"
"        No workers","233,213","±2,894","18.9%","±0.2","48,831","±1,025","18,183","±873","10.8%","±0.5","62,452","±2,822","325,950","±3,722","18.9%","±0.2","64,152","±1,786","139,280","±2,537","18.1%","±0.3","46,059","±1,103","1,115,185","±6,722","12.4%","±0.1","67,118","±778","163,174","±2,433","12.0%","±0.2","71,161","±1,557","113,467","±2,272","12.6%","±0.2","70,554","±1,728","41,215","±1,201","17.0%","±0.5","70,489","±3,102","15,301","±1,116","12.4%","±0.8","62,608","±5,928","1,009,959","±8,000","19.7%","±0.2","66,082","±813","357,387","±4,057","13.9%","±0.2","54,679","±1,215","41,226","±1,316","12.7%","±0.4","72,438","±3,420","66,749","±1,692","15.1%","±0.4","59,118","±1,763","409,088","±3,770","13.1%","±0.1","62,278","±1,227","241,172","±3,212","14.4%","±0.2","52,112","±1,295","109,494","±1,901","13.7%","±0.3","59,340","±1,399","93,109","±1,905","12.6%","±0.3","58,719","±1,357","209,059","±2,764","18.4%","±0.2","45,612","±1,097","196,067","±3,498","17.6%","±0.3","43,693","±1,119","58,576","±1,555","16.7%","±0.4","56,513","±1,800","162,935","±2,341","11.0%","±0.2","72,752","±1,460","203,744","±3,233","12.2%","±0.2","61,967","±1,003","426,535","±3,574","16.9%","±0.1","56,969","±786","176,491","±1,859","12.6%","±0.1","67,040","±1,063","136,021","±2,737","18.4%","±0.4","41,595","±1,117","243,291","±3,345","15.7%","±0.2","55,082","±1,119","43,530","±1,232","16.3%","±0.4","61,519","±2,507","55,088","±1,152","11.3%","±0.2","60,120","±1,398","109,694","±2,160","15.2%","±0.3","65,333","±1,951","46,919","±1,335","13.4%","±0.4","67,269","±2,662","262,511","±3,977","11.7%","±0.2","66,414","±1,134","93,944","±2,370","18.9%","±0.5","52,495","±1,475","642,523","±5,040","13.8%","±0.1","57,303","±747","422,280","±4,133","16.1%","±0.2","56,346","±811","21,904","±782","11.6%","±0.4","65,519","±3,103","452,576","±4,354","15.3%","±0.2","53,313","±711","157,460","±2,848","16.1%","±0.3","49,350","±1,068","170,177","±2,458","16.4%","±0.2","63,750","±1,197","499,744","±3,953","15.4%","±0.1","56,314","±737","34,473","±1,323","13.4%","±0.5","61,231","±4,064","229,891","±3,211","18.0%","±0.2","58,309","±1,160","28,913","±955","13.2%","±0.4","56,289","±2,818","286,498","±3,087","16.6%","±0.2","50,575","±1,011","796,203","±6,225","11.6%","±0.1","53,991","±685","78,151","±1,637","10.5%","±0.2","65,324","±1,738","22,750","±769","14.5%","±0.5","64,573","±3,697","275,839","±3,457","13.1%","±0.2","71,489","±1,644","264,679","±2,954","14.1%","±0.2","68,278","±1,104","111,388","±1,884","23.7%","±0.4","44,615","±1,148","215,781","±2,329","14.6%","±0.2","61,420","±1,752","20,706","±875","13.9%","±0.6","62,244","±3,860","299,030","±3,499","36.9%","±0.4","19,208","±419"
"        1 worker","429,269","±3,378","34.8%","±0.3","70,449","±909","53,174","±1,307","31.7%","±0.7","87,246","±2,592","567,119","±6,320","33.0%","±0.3","78,776","±1,185","265,627","±3,287","34.5%","±0.4","66,447","±1,343","2,869,734","±11,418","31.9%","±0.1","96,678","±565","402,167","±4,366","29.6%","±0.3","93,869","±1,424","269,448","±3,836","29.8%","±0.4","114,416","±1,907","77,717","±2,010","32.0%","±0.7","83,980","±2,787","37,906","±1,524","30.7%","±1.1","118,074","±4,767","1,678,705","±10,494","32.8%","±0.2","81,244","±727","870,153","±7,188","33.9%","±0.3","77,948","±969","93,718","±2,120","28.9%","±0.6","93,403","±2,810","136,573","±2,686","30.9%","±0.6","76,122","±2,442","963,552","±5,840","30.9%","±0.2","86,446","±741","539,513","±5,324","32.1%","±0.3","70,054","±905","224,219","±2,882","28.0%","±0.4","73,767","±1,478","225,535","±3,377","30.6%","±0.4","76,741","±1,315","374,789","±3,844","32.9%","±0.3","67,878","±1,261","411,497","±5,840","36.8%","±0.5","68,928","±1,508","100,722","±2,102","28.8%","±0.6","73,270","±1,710","440,944","±4,825","29.8%","±0.3","98,791","±1,191","461,722","±5,008","27.6%","±0.3","103,241","±1,416","805,011","±5,136","31.9%","±0.2","75,366","±720","369,143","±3,849","26.3%","±0.3","87,142","±1,101","263,806","±4,374","35.6%","±0.5","59,797","±1,125","486,191","±5,084","31.3%","±0.3","72,639","±1,048","79,210","±1,643","29.6%","±0.6","76,449","±2,714","136,526","±2,124","27.9%","±0.4","72,565","±1,384","245,809","±3,790","34.1%","±0.5","76,787","±1,423","97,621","±1,836","27.8%","±0.5","94,392","±2,329","674,615","±5,400","30.0%","±0.2","104,569","±1,172","182,769","±3,155","36.8%","±0.6","66,504","±1,173","1,460,431","±6,298","31.3%","±0.2","92,755","±1,050","877,103","±5,845","33.4%","±0.2","75,055","±911","51,978","±1,528","27.4%","±0.8","83,581","±3,510","958,819","±7,011","32.5%","±0.2","72,328","±649","334,900","±3,077","34.3%","±0.3","70,549","±1,088","324,613","±4,263","31.4%","±0.4","82,722","±1,295","985,878","±7,289","30.3%","±0.2","80,803","±799","79,246","±2,155","30.7%","±0.8","84,514","±2,934","435,362","±4,521","34.0%","±0.3","72,364","±1,537","59,818","±1,521","27.4%","±0.7","71,525","±2,793","579,076","±5,407","33.5%","±0.3","73,393","±935","2,363,112","±11,452","34.6%","±0.2","80,788","±660","214,016","±3,180","28.7%","±0.4","89,264","±1,387","43,332","±1,231","27.6%","±0.7","78,802","±2,396","646,239","±5,831","30.7%","±0.3","94,377","±953","585,921","±5,431","31.3%","±0.3","98,139","±1,215","159,696","±2,773","33.9%","±0.5","64,449","±1,171","421,130","±3,641","28.5%","±0.2","75,764","±907","45,678","±1,521","30.6%","±1.0","80,899","±4,233","297,416","±4,491","36.7%","±0.5","35,572","±575"
"        2 workers, both spouses worked","359,214","±4,789","29.1%","±0.3","118,974","±1,227","61,193","±1,569","36.5%","±0.8","136,304","±2,659","467,841","±6,548","27.2%","±0.4","131,832","±1,568","243,101","±3,597","31.6%","±0.4","111,947","±2,054","2,589,428","±19,428","28.8%","±0.2","172,416","±759","511,274","±5,371","37.6%","±0.3","147,455","±1,207","303,077","±3,986","33.6%","±0.4","178,959","±1,954","71,241","±2,018","29.3%","±0.7","141,766","±3,584","48,654","±1,420","39.4%","±0.9","262,295","±7,177","1,413,092","±14,421","27.6%","±0.2","128,320","±877","798,166","±8,798","31.1%","±0.3","134,882","±975","97,881","±1,845","30.2%","±0.5","137,724","±2,021","154,219","±3,216","34.9%","±0.6","107,241","±1,840","1,014,108","±9,016","32.5%","±0.2","150,913","±1,047","568,566","±6,922","33.9%","±0.3","118,090","±977","323,673","±4,246","40.4%","±0.4","118,868","±946","278,124","±3,689","37.7%","±0.4","121,053","±1,135","356,996","±4,913","31.3%","±0.3","115,822","±984","317,042","±4,376","28.4%","±0.3","129,136","±1,751","126,397","±2,400","36.1%","±0.5","119,161","±1,811","496,949","±5,522","33.6%","±0.3","173,048","±1,661","577,870","±6,309","34.5%","±0.3","182,665","±1,852","762,195","±7,224","30.2%","±0.2","128,810","±802","568,009","±5,408","40.4%","±0.3","142,712","±943","208,888","±3,898","28.2%","±0.5","108,432","±1,611","524,923","±6,397","33.8%","±0.3","120,334","±861","101,756","±2,134","38.1%","±0.6","114,999","±2,145","201,658","±2,750","41.3%","±0.5","121,269","±1,614","199,684","±3,365","27.7%","±0.4","126,306","±1,945","127,781","±2,499","36.4%","±0.6","145,303","±2,472","714,143","±6,750","31.8%","±0.2","181,932","±1,199","128,178","±3,194","25.8%","±0.6","118,567","±2,316","1,379,971","±11,249","29.5%","±0.2","172,493","±1,157","842,981","±8,737","32.1%","±0.3","127,338","±1,037","84,236","±1,934","44.5%","±0.8","123,354","±1,704","944,900","±9,786","32.0%","±0.3","126,600","±685","311,298","±3,866","31.9%","±0.3","117,273","±1,775","342,170","±5,058","33.1%","±0.4","133,820","±1,468","1,052,506","±8,909","32.3%","±0.2","137,617","±738","82,376","±2,044","31.9%","±0.7","145,188","±3,858","376,621","±5,334","29.4%","±0.3","123,220","±1,206","92,027","±2,037","42.1%","±0.7","113,617","±2,128","539,591","±6,463","31.2%","±0.3","120,832","±1,267","2,118,496","±18,515","31.0%","±0.2","137,784","±692","260,378","±3,804","34.9%","±0.5","112,914","±1,149","63,464","±1,480","40.4%","±0.8","125,480","±2,907","732,976","±7,245","34.9%","±0.3","160,218","±1,349","654,552","±6,985","34.9%","±0.3","153,765","±1,180","130,967","±3,020","27.8%","±0.5","108,613","±1,536","548,415","±5,442","37.1%","±0.3","124,710","±718","58,452","±1,655","39.1%","±0.9","118,857","±3,211","111,264","±2,813","13.7%","±0.3","71,611","±1,531"
"        2 workers, other","110,642","±2,731","9.0%","±0.2","80,615","±1,684","15,841","±761","9.4%","±0.4","102,189","±3,404","177,007","±3,872","10.3%","±0.2","84,741","±1,797","61,720","±1,844","8.0%","±0.2","78,309","±2,423","1,071,865","±7,346","11.9%","±0.1","102,346","±729","123,968","±2,907","9.1%","±0.2","102,294","±2,381","96,162","±2,218","10.6%","±0.3","114,309","±2,771","24,516","±1,216","10.1%","±0.5","96,697","±4,368","13,324","±957","10.8%","±0.8","107,448","±6,041","510,879","±5,982","10.0%","±0.1","84,429","±1,058","270,742","±4,748","10.6%","±0.2","86,201","±1,503","35,513","±1,503","10.9%","±0.5","113,450","±4,314","33,228","±1,324","7.5%","±0.3","86,119","±4,552","316,533","±3,770","10.2%","±0.1","95,126","±1,003","150,092","±3,224","8.9%","±0.2","81,014","±1,304","58,772","±1,687","7.3%","±0.2","80,278","±1,924","57,975","±1,715","7.9%","±0.2","86,107","±2,674","95,154","±2,193","8.4%","±0.2","80,697","±2,146","101,559","±2,288","9.1%","±0.2","80,376","±1,785","27,182","±1,285","7.8%","±0.4","79,481","±2,493","166,690","±3,222","11.3%","±0.2","111,875","±1,803","178,340","±3,394","10.7%","±0.2","112,917","±2,125","241,081","±3,517","9.5%","±0.1","88,395","±1,284","111,913","±2,506","8.0%","±0.2","94,963","±2,185","68,994","±1,779","9.3%","±0.2","74,082","±2,323","134,850","±3,115","8.7%","±0.2","84,224","±1,980","18,624","±972","7.0%","±0.4","83,496","±3,392","38,546","±1,356","7.9%","±0.3","89,277","±3,685","81,307","±2,384","11.3%","±0.3","88,190","±1,956","29,149","±1,114","8.3%","±0.3","103,859","±3,703","252,467","±3,700","11.2%","±0.2","114,469","±1,484","50,685","±1,856","10.2%","±0.4","74,688","±2,438","549,416","±5,902","11.8%","±0.1","105,026","±1,170","242,399","±3,696","9.2%","±0.1","78,691","±1,344","12,739","±772","6.7%","±0.4","89,779","±4,960","274,806","±4,444","9.3%","±0.1","82,729","±1,075","84,641","±2,069","8.7%","±0.2","81,259","±1,482","88,193","±2,488","8.5%","±0.2","92,277","±2,899","314,598","±4,212","9.7%","±0.1","92,787","±1,264","26,548","±1,430","10.3%","±0.5","97,683","±5,536","124,637","±2,815","9.7%","±0.2","79,294","±2,149","14,807","±785","6.8%","±0.4","77,666","±4,532","155,463","±2,889","9.0%","±0.2","83,409","±1,345","748,528","±8,007","10.9%","±0.1","85,467","±858","69,868","±2,002","9.4%","±0.3","100,850","±2,352","11,422","±778","7.3%","±0.5","83,459","±3,903","200,840","±2,963","9.5%","±0.1","106,229","±2,502","164,616","±3,194","8.8%","±0.2","102,669","±1,827","34,983","±1,329","7.4%","±0.3","82,060","±2,507","117,726","±2,090","8.0%","±0.1","83,421","±1,600","10,471","±851","7.0%","±0.6","83,026","±3,900","66,956","±1,823","8.3%","±0.2","53,691","±1,518"
"        3 or more workers, both spouses worked","79,131","±2,147","6.4%","±0.2","141,473","±2,957","15,204","±846","9.1%","±0.5","172,138","±7,157","125,505","±3,134","7.3%","±0.2","147,305","±3,232","47,689","±1,757","6.2%","±0.2","133,332","±5,698","865,000","±8,111","9.6%","±0.1","170,998","±1,176","121,170","±2,660","8.9%","±0.2","163,668","±3,029","90,906","±2,180","10.1%","±0.2","193,211","±4,294","21,535","±1,402","8.9%","±0.6","160,267","±5,132","4,687","±495","3.8%","±0.4","286,677","±35,029","361,343","±6,140","7.1%","±0.1","139,768","±1,422","193,942","±4,094","7.6%","±0.1","151,173","±2,860","36,262","±1,114","11.2%","±0.3","177,143","±3,726","39,538","±1,696","9.0%","±0.4","128,073","±3,172","303,996","±4,250","9.8%","±0.1","161,387","±1,353","145,052","±2,678","8.6%","±0.2","141,809","±1,737","71,061","±2,025","8.9%","±0.2","141,733","±2,753","66,978","±1,524","9.1%","±0.2","146,313","±2,773","81,485","±2,069","7.2%","±0.2","137,533","±1,777","67,965","±2,251","6.1%","±0.2","149,834","±3,853","30,306","±1,175","8.7%","±0.3","142,369","±3,664","155,234","±2,704","10.5%","±0.2","193,651","±2,398","193,477","±3,628","11.6%","±0.2","197,538","±2,270","225,195","±2,775","8.9%","±0.1","148,998","±1,177","147,793","±2,483","10.5%","±0.2","164,460","±2,059","47,145","±1,984","6.4%","±0.3","134,361","±4,826","130,275","±2,595","8.4%","±0.2","144,679","±1,913","20,401","±853","7.6%","±0.3","134,583","±4,417","46,705","±1,287","9.6%","±0.3","139,799","±2,228","56,237","±1,768","7.8%","±0.2","141,459","±2,700","40,430","±1,352","11.5%","±0.4","173,027","±4,301","251,577","±3,834","11.2%","±0.2","198,856","±2,310","28,933","±1,345","5.8%","±0.3","127,574","±2,852","429,414","±5,484","9.2%","±0.1","180,549","±1,710","184,580","±3,599","7.0%","±0.1","141,308","±1,885","16,117","±732","8.5%","±0.4","157,888","±6,834","255,650","±4,035","8.7%","±0.1","147,756","±1,753","66,863","±1,773","6.9%","±0.2","134,530","±2,681","83,929","±2,045","8.1%","±0.2","149,167","±2,990","311,945","±4,357","9.6%","±0.1","157,546","±1,150","26,912","±1,179","10.4%","±0.4","162,351","±4,524","85,247","±2,619","6.7%","±0.2","142,648","±3,710","19,440","±867","8.9%","±0.4","136,930","±4,059","129,543","±3,119","7.5%","±0.2","142,201","±2,235","566,934","±7,821","8.3%","±0.1","147,222","±1,346","95,621","±2,231","12.8%","±0.3","147,669","±2,120","13,393","±614","8.5%","±0.4","147,616","±5,235","190,514","±3,211","9.1%","±0.1","176,650","±2,074","157,427","±3,050","8.4%","±0.2","163,946","±2,085","27,369","±1,190","5.8%","±0.2","137,856","±3,304","146,126","±2,293","9.9%","±0.2","146,208","±1,859","11,975","±849","8.0%","±0.5","138,086","±4,460","20,638","±1,050","2.5%","±0.1","84,899","±2,977"
"        3 or more workers, other","23,083","±1,130","1.9%","±0.1","105,847","±5,108","4,220","±406","2.5%","±0.2","122,755","±5,708","57,314","±2,243","3.3%","±0.1","107,609","±2,520","12,694","±978","1.6%","±0.1","99,917","±6,561","475,454","±5,160","5.3%","±0.1","128,228","±927","37,150","±1,582","2.7%","±0.1","122,303","±3,063","29,936","±1,667","3.3%","±0.2","145,118","±8,283","6,788","±631","2.8%","±0.3","124,544","±9,261","3,624","±555","2.9%","±0.4","138,542","±12,641","144,081","±3,027","2.8%","±0.1","109,409","±2,097","74,843","±2,442","2.9%","±0.1","112,358","±3,211","19,882","±820","6.1%","±0.3","169,956","±4,187","11,084","±975","2.5%","±0.2","103,353","±6,595","109,138","±2,743","3.5%","±0.1","123,289","±2,367","34,997","±1,378","2.1%","±0.1","109,082","±3,543","13,519","±776","1.7%","±0.1","110,886","±8,674","15,890","±963","2.2%","±0.1","115,480","±6,180","21,633","±1,036","1.9%","±0.1","114,148","±10,235","22,622","±1,303","2.0%","±0.1","109,192","±5,116","6,772","±556","1.9%","±0.2","114,806","±6,119","56,626","±1,969","3.8%","±0.1","138,549","±3,307","58,839","±1,952","3.5%","±0.1","148,470","±3,876","66,420","±2,064","2.6%","±0.1","112,843","±2,502","31,449","±1,433","2.2%","±0.1","126,076","±4,278","15,635","±1,065","2.1%","±0.1","98,666","±4,557","31,526","±1,266","2.0%","±0.1","113,705","±4,022","3,737","±387","1.4%","±0.1","105,848","±8,150","10,326","±686","2.1%","±0.1","105,581","±6,107","27,482","±1,163","3.8%","±0.2","114,069","±3,452","9,545","±785","2.7%","±0.2","139,223","±9,409","91,993","±2,244","4.1%","±0.1","147,727","±2,829","12,225","±968","2.5%","±0.2","95,900","±3,402","208,398","±3,613","4.5%","±0.1","143,542","±2,160","55,712","±1,745","2.1%","±0.1","105,846","±2,625","2,491","±387","1.3%","±0.2","133,698","±16,272","65,400","±2,080","2.2%","±0.1","113,356","±3,073","20,045","±1,074","2.1%","±0.1","104,169","±3,902","25,795","±1,386","2.5%","±0.1","118,844","±4,612","89,874","±2,473","2.8%","±0.1","121,663","±2,826","8,294","±714","3.2%","±0.3","129,126","±6,219","28,865","±1,276","2.3%","±0.1","96,464","±3,817","3,700","±458","1.7%","±0.2","106,059","±9,316","36,768","±1,467","2.1%","±0.1","107,304","±3,914","245,627","±4,623","3.6%","±0.1","111,768","±1,880","28,252","±1,214","3.8%","±0.2","136,064","±5,342","2,744","±320","1.7%","±0.2","113,771","±11,330","56,692","±1,945","2.7%","±0.1","130,584","±3,041","47,181","±1,727","2.5%","±0.1","137,759","±5,997","5,988","±543","1.3%","±0.1","101,885","±5,502","30,186","±1,431","2.0%","±0.1","112,231","±3,377","2,071","±314","1.4%","±0.2","110,040","±10,039","15,190","±1,010","1.9%","±0.1","71,650","±3,162"
"PER CAPITA INCOME BY RACE AND HISPANIC OR LATINO ORIGIN","","","","","","","","","","","","","","","","","","","","","","","","","","","","","","","","","","","","","","","","","","","","","","","","","","","","","","","","","","","","","","","","","","","","","","","","","","","","","","","","","","","","","","","","","","","","","","","","","","","","","","","","","","","","","","","","","","","","","","","","","","","","","","","","","","","","","","","","","","","","","","","","","","","","","","","","","","","","","","","","","","","","","","","","","","","","","","","","","","","","","","","","","","","","","","","","","","","","","","","","","","","","","","","","","","","","","","","","","","","","","","","","","","","","","","","","","","","","","","","","","","","","","","","","","","","","","","","","","","","","","","","","","","","","","","","","","","","","","","","","","","","","","","","","","","","","","","","","","","","","","","","","","","","","","","","",""
"    Total population","4,893,186","*****","4,893,186","*****","28,934","±214","736,990","*****","736,990","*****","37,094","±383","7,174,064","*****","7,174,064","*****","32,340","±182","3,011,873","*****","3,011,873","*****","27,724","±245","39,346,023","*****","39,346,023","*****","38,576","±120","5,684,926","*****","5,684,926","*****","39,545","±213","3,570,549","*****","3,570,549","*****","45,668","±293","967,679","*****","967,679","*****","36,574","±493","701,974","*****","701,974","*****","58,659","±827","21,216,924","*****","21,216,924","*****","32,848","±160","10,516,579","*****","10,516,579","*****","32,427","±189","1,420,074","*****","1,420,074","*****","37,013","±387","1,754,367","*****","1,754,367","*****","29,494","±327","12,716,164","*****","12,716,164","*****","37,306","±156","6,696,893","*****","6,696,893","*****","30,693","±166","3,150,011","*****","3,150,011","*****","33,021","±225","2,912,619","*****","2,912,619","*****","32,798","±198","4,461,952","*****","4,461,952","*****","29,123","±207","4,664,616","*****","4,664,616","*****","29,522","±268","1,340,825","*****","1,340,825","*****","33,774","±307","6,037,624","*****","6,037,624","*****","43,352","±217","6,873,003","*****","6,873,003","*****","45,555","±231","9,973,907","*****","9,973,907","*****","32,854","±143","5,600,166","*****","5,600,166","*****","38,881","±171","2,981,835","*****","2,981,835","*****","25,444","±208","6,124,160","*****","6,124,160","*****","31,839","±172","1,061,705","*****","1,061,705","*****","32,463","±401","1,923,826","*****","1,923,826","*****","33,205","±274","3,030,281","*****","3,030,281","*****","32,629","±282","1,355,244","*****","1,355,244","*****","41,234","±345","8,885,418","*****","8,885,418","*****","44,153","±190","2,097,021","*****","2,097,021","*****","27,945","±224","19,514,849","*****","19,514,849","*****","40,898","±166","10,386,227","*****","10,386,227","*****","31,993","±182","760,394","*****","760,394","*****","36,289","±471","11,675,275","*****","11,675,275","*****","32,465","±120","3,949,342","*****","3,949,342","*****","29,873","±568","4,176,346","*****","4,176,346","*****","35,393","±226","12,794,885","*****","12,794,885","*****","35,518","±160","1,057,798","*****","1,057,798","*****","37,504","±478","5,091,517","*****","5,091,517","*****","30,727","±218","879,336","*****","879,336","*****","31,415","±350","6,772,268","*****","6,772,268","*****","30,869","±179","28,635,442","*****","28,635,442","*****","32,177","±122","3,151,239","*****","3,151,239","*****","30,986","±211","624,340","*****","624,340","*****","35,854","±445","8,509,358","*****","8,509,358","*****","41,255","±272","7,512,465","*****","7,512,465","*****","40,837","±198","1,807,426","*****","1,807,426","*****","27,346","±273","5,806,975","*****","5,806,975","*****","34,450","±171","581,348","*****","581,348","*****","34,415","±620","3,255,642","*****","3,255,642","*****","13,318","±113"
"        One race--","","","","","","","","","","","","","","","","","","","","","","","","","","","","","","","","","","","","","","","","","","","","","","","","","","","","","","","","","","","","","","","","","","","","","","","","","","","","","","","","","","","","","","","","","","","","","","","","","","","","","","","","","","","","","","","","","","","","","","","","","","","","","","","","","","","","","","","","","","","","","","","","","","","","","","","","","","","","","","","","","","","","","","","","","","","","","","","","","","","","","","","","","","","","","","","","","","","","","","","","","","","","","","","","","","","","","","","","","","","","","","","","","","","","","","","","","","","","","","","","","","","","","","","","","","","","","","","","","","","","","","","","","","","","","","","","","","","","","","","","","","","","","","","","","","","","","","","","","","","","","","","","","","","","","","","",""
"            White","3,302,834","±3,712","67.5%","±0.1","32,912","±285","466,961","±1,562","63.4%","±0.2","44,491","±553","5,292,498","±11,690","73.8%","±0.2","35,496","±223","2,269,959","±4,094","75.4%","±0.1","30,301","±280","22,053,721","±34,243","56.1%","±0.1","44,180","±167","4,634,305","±7,323","81.5%","±0.1","42,172","±255","2,649,994","±6,052","74.2%","±0.2","51,357","±370","652,587","±2,742","67.4%","±0.3","40,363","±570","288,306","±1,872","41.1%","±0.3","91,579","±1,472","15,199,588","±16,723","71.6%","±0.1","36,601","±188","6,020,265","±10,140","57.2%","±0.1","38,136","±266","342,923","±1,778","24.1%","±0.1","49,134","±879","1,550,979","±4,126","88.4%","±0.2","30,663","±366","8,874,067","±11,289","69.8%","±0.1","41,755","±176","5,510,354","±4,802","82.3%","±0.1","32,590","±181","2,806,418","±2,672","89.1%","±0.1","34,529","±246","2,416,165","±4,054","83.0%","±0.1","34,777","±216","3,848,305","±3,113","86.2%","±0.1","30,338","±225","2,856,904","±3,190","61.2%","±0.1","35,390","±347","1,256,030","±1,381","93.7%","±0.1","34,562","±314","3,275,048","±6,375","54.2%","±0.1","51,131","±320","5,261,787","±7,359","76.6%","±0.1","49,623","±277","7,735,902","±6,563","77.6%","±0.1","35,447","±165","4,572,149","±4,803","81.6%","±0.1","42,278","±184","1,729,353","±2,016","58.0%","±0.1","30,854","±260","4,978,046","±4,051","81.3%","±0.1","33,792","±198","932,157","±1,489","87.8%","±0.1","34,360","±458","1,641,256","±2,669","85.3%","±0.1","35,357","±290","1,881,048","±7,006","62.1%","±0.2","37,770","±425","1,246,602","±1,610","92.0%","±0.1","42,059","±370","5,820,147","±9,955","65.5%","±0.1","49,291","±256","1,467,849","±6,135","70.0%","±0.3","30,900","±298","12,160,045","±15,340","62.3%","±0.1","48,140","±229","7,019,443","±8,230","67.6%","±0.1","36,303","±222","651,470","±1,387","85.7%","±0.2","38,756","±496","9,394,878","±4,978","80.5%","±0.1","34,849","±146","2,809,793","±3,891","71.1%","±0.1","33,214","±776","3,449,081","±6,242","82.6%","±0.1","37,065","±229","10,155,004","±8,675","79.4%","±0.1","38,471","±186","835,608","±3,528","79.0%","±0.3","40,959","±569","3,386,329","±4,807","66.5%","±0.1","35,727","±299","735,228","±1,110","83.6%","±0.1","34,534","±398","5,196,680","±4,158","76.7%","±0.1","33,269","±215","19,805,623","±23,326","69.2%","±0.1","34,970","±153","2,682,881","±5,136","85.1%","±0.2","32,636","±234","584,360","±581","93.6%","±0.1","36,699","±464","5,643,436","±6,666","66.3%","±0.1","45,782","±354","5,523,881","±7,350","73.5%","±0.1","43,698","±246","1,672,255","±1,658","92.5%","±0.1","27,903","±276","4,895,065","±5,304","84.3%","±0.1","36,849","±176","525,246","±1,684","90.3%","±0.3","35,331","±576","1,952,451","±11,646","60.0%","±0.4","14,069","±146"
"            Black or African American","1,301,319","±3,060","26.6%","±0.1","20,378","±300","23,894","±1,015","3.2%","±0.1","34,370","±2,667","325,105","±4,367","4.5%","±0.1","25,068","±600","457,840","±1,962","15.2%","±0.1","19,026","±349","2,250,962","±7,807","5.7%","±0.1","31,057","±324","235,692","±2,805","4.1%","±0.1","27,950","±1,032","382,161","±3,651","10.7%","±0.1","27,820","±567","212,795","±1,917","22.0%","±0.2","27,595","±918","318,631","±1,785","45.4%","±0.3","31,672","±816","3,381,061","±9,399","15.9%","±0.1","21,120","±210","3,319,844","±6,054","31.6%","±0.1","24,114","±209","26,717","±989","1.9%","±0.1","36,924","±1,631","11,536","±944","0.7%","±0.1","18,877","±2,433","1,796,660","±5,523","14.1%","±0.1","23,954","±301","631,923","±3,881","9.4%","±0.1","21,379","±503","117,035","±1,937","3.7%","±0.1","17,814","±865","165,837","±2,385","5.7%","±0.1","23,750","±916","361,230","±2,429","8.1%","±0.1","21,623","±551","1,500,633","±3,974","32.2%","±0.1","19,209","±364","18,635","±785","1.4%","±0.1","19,147","±2,001","1,803,128","±5,297","29.9%","±0.1","34,210","±284","513,369","±4,583","7.5%","±0.1","28,423","±567","1,360,149","±4,661","13.6%","±0.1","21,514","±225","359,817","±3,451","6.4%","±0.1","20,047","±494","1,123,545","±2,238","37.7%","±0.1","17,789","±333","698,043","±3,776","11.4%","±0.1","22,128","±380","5,919","±648","0.6%","±0.1","20,679","±2,392","91,896","±1,592","4.8%","±0.1","21,165","±868","282,722","±2,982","9.3%","±0.1","23,645","±593","21,045","±894","1.6%","±0.1","25,944","±1,951","1,189,681","±4,791","13.4%","±0.1","29,541","±419","43,476","±1,280","2.1%","±0.1","26,978","±2,272","3,002,401","±9,903","15.4%","±0.1","27,856","±227","2,217,522","±5,491","21.4%","±0.1","22,874","±281","23,959","±769","3.2%","±0.1","21,031","±2,535","1,442,655","±5,444","12.4%","±0.1","21,520","±275","287,856","±2,171","7.3%","±0.1","23,184","±1,592","79,117","±1,834","1.9%","±0.1","27,270","±1,895","1,419,582","±6,251","11.1%","±0.1","22,440","±285","69,196","±1,958","6.5%","±0.2","23,500","±1,102","1,346,560","±3,631","26.4%","±0.1","20,618","±297","18,836","±799","2.1%","±0.1","19,813","±1,951","1,128,806","±2,966","16.7%","±0.1","22,143","±345","3,464,424","±9,271","12.1%","±0.1","25,530","±213","38,059","±1,367","1.2%","±0.1","21,879","±2,681","7,964","±481","1.3%","±0.1","19,630","±2,084","1,620,649","±5,144","19.0%","±0.1","29,199","±372","290,245","±4,198","3.9%","±0.1","29,625","±725","64,285","±1,431","3.6%","±0.1","20,223","±1,106","367,889","±2,516","6.3%","±0.1","18,130","±388","5,079","±573","0.9%","±0.1","34,450","±6,244","367,906","±8,119","11.3%","±0.2","12,148","±327"
"            American Indian and Alaska Native","24,764","±1,203","0.5%","±0.1","25,771","±1,654","107,298","±1,643","14.6%","±0.2","20,683","±657","311,014","±3,370","4.3%","±0.1","15,878","±304","19,146","±1,158","0.6%","±0.1","21,373","±2,243","311,629","±6,466","0.8%","±0.1","26,164","±655","53,671","±2,058","0.9%","±0.1","25,334","±1,395","9,079","±1,107","0.3%","±0.1","25,062","±2,939","3,560","±334","0.4%","±0.1","29,250","±4,968","2,438","±395","0.3%","±0.1","29,272","±6,514","55,655","±2,182","0.3%","±0.1","28,268","±1,876","34,962","±2,051","0.3%","±0.1","21,333","±1,646","3,508","±575","0.2%","±0.1","27,925","±4,203","23,029","±1,208","1.3%","±0.1","18,887","±1,629","33,972","±2,270","0.3%","±0.1","26,212","±2,334","14,030","±949","0.2%","±0.1","24,915","±1,735","10,538","±700","0.3%","±0.1","20,139","±1,636","22,278","±1,271","0.8%","±0.1","23,120","±1,593","8,364","±694","0.2%","±0.1","20,177","±1,966","25,938","±1,147","0.6%","±0.1","26,976","±4,609","8,894","±536","0.7%","±0.1","19,041","±1,917","15,860","±1,005","0.3%","±0.1","36,110","±3,361","13,999","±1,164","0.2%","±0.1","27,543","±4,418","50,035","±1,495","0.5%","±0.1","23,840","±1,021","54,558","±1,390","1.0%","±0.1","20,541","±1,403","13,951","±551","0.5%","±0.1","16,089","±1,144","24,274","±1,291","0.4%","±0.1","24,349","±2,554","65,523","±1,289","6.2%","±0.1","15,172","±515","16,875","±948","0.9%","±0.1","17,307","±1,518","37,715","±1,550","1.2%","±0.1","23,208","±1,325","2,197","±374","0.2%","±0.1","31,639","±8,561","22,288","±1,841","0.3%","±0.1","25,288","±2,065","195,166","±2,292","9.3%","±0.1","16,823","±548","76,535","±3,492","0.4%","±0.1","23,946","±1,349","120,272","±2,281","1.2%","±0.1","19,830","±843","39,165","±828","5.2%","±0.1","18,208","±1,143","20,442","±1,215","0.2%","±0.1","22,455","±2,066","303,791","±2,912","7.7%","±0.1","21,462","±306","45,683","±1,833","1.1%","±0.1","24,114","±1,336","20,798","±1,304","0.2%","±0.1","22,187","±1,859","4,344","±745","0.4%","±0.1","20,318","±4,355","16,951","±1,138","0.3%","±0.1","24,344","±3,237","74,975","±1,131","8.5%","±0.1","10,949","±515","17,178","±1,217","0.3%","±0.1","33,779","±8,078","137,921","±4,538","0.5%","±0.1","26,241","±961","33,222","±1,541","1.1%","±0.1","20,326","±1,504","1,873","±299","0.3%","±0.1","20,914","±2,996","22,553","±1,235","0.3%","±0.1","37,512","±3,575","91,766","±2,482","1.2%","±0.1","24,059","±861","3,146","±543","0.2%","±0.1","18,073","±2,991","48,674","±983","0.8%","±0.1","21,856","±670","13,117","±806","2.3%","±0.1","18,608","±1,683","5,697","±859","0.2%","±0.1","15,388","±3,129"
"            Asian","67,909","±1,445","1.4%","±0.1","35,055","±2,108","47,289","±1,500","6.4%","±0.2","28,797","±1,333","239,190","±2,955","3.3%","±0.1","40,233","±1,274","46,130","±1,123","1.5%","±0.1","35,423","±2,867","5,834,312","±11,618","14.8%","±0.1","45,111","±264","181,733","±2,287","3.2%","±0.1","38,986","±1,185","163,262","±1,704","4.6%","±0.1","49,368","±1,326","38,528","±900","4.0%","±0.1","44,940","±2,636","28,762","±626","4.1%","±0.1","72,605","±5,508","590,668","±4,543","2.8%","±0.1","35,739","±875","434,603","±2,785","4.1%","±0.1","38,185","±839","534,519","±4,004","37.6%","±0.3","39,608","±569","24,501","±1,042","1.4%","±0.1","27,744","±2,455","709,567","±3,537","5.6%","±0.1","44,968","±922","158,705","±2,039","2.4%","±0.1","32,256","±1,186","79,296","±1,155","2.5%","±0.1","31,197","±1,461","87,093","±1,738","3.0%","±0.1","32,965","±1,313","68,139","±1,184","1.5%","±0.1","34,915","±2,027","80,930","±978","1.7%","±0.1","34,563","±2,401","15,270","±605","1.1%","±0.1","31,040","±2,630","384,429","±2,538","6.4%","±0.1","46,740","±880","466,044","±2,341","6.8%","±0.1","47,129","±833","316,844","±2,305","3.2%","±0.1","41,169","±876","275,242","±1,859","4.9%","±0.1","32,560","±773","29,742","±1,109","1.0%","±0.1","27,756","±2,296","123,810","±1,990","2.0%","±0.1","39,179","±1,604","8,664","±513","0.8%","±0.1","33,335","±5,229","47,944","±933","2.5%","±0.1","28,813","±1,499","252,314","±2,204","8.3%","±0.1","33,809","±875","36,581","±880","2.7%","±0.1","43,424","±2,985","857,873","±2,892","9.7%","±0.1","52,480","±641","33,695","±1,013","1.6%","±0.1","33,084","±2,395","1,674,216","±5,171","8.6%","±0.1","39,515","±523","308,958","±2,353","3.0%","±0.1","38,983","±917","11,979","±596","1.6%","±0.1","33,053","±4,448","268,527","±2,412","2.3%","±0.1","36,982","±821","87,033","±1,293","2.2%","±0.1","30,345","±1,710","187,801","±2,505","4.5%","±0.1","39,900","±1,341","449,320","±2,567","3.5%","±0.1","36,970","±762","36,536","±695","3.5%","±0.1","38,938","±2,814","83,573","±1,467","1.6%","±0.1","34,800","±1,700","12,413","±626","1.4%","±0.1","30,210","±3,986","122,897","±1,790","1.8%","±0.1","39,809","±2,036","1,415,664","±5,832","4.9%","±0.1","39,694","±535","73,190","±1,580","2.3%","±0.1","32,932","±1,415","10,126","±704","1.6%","±0.1","31,611","±4,343","570,398","±3,137","6.7%","±0.1","47,500","±1,227","662,902","±4,179","8.8%","±0.1","49,240","±722","14,228","±743","0.8%","±0.1","36,246","±3,192","163,396","±2,007","2.8%","±0.1","32,670","±1,049","4,892","±488","0.8%","±0.1","31,302","±5,512","5,882","±920","0.2%","±0.1","18,375","±4,833"
"            Native Hawaiian and Other Pacific Islander","2,042","±319","0.0%","±0.1","23,721","±4,966","10,485","±446","1.4%","±0.1","18,742","±1,902","14,633","±654","0.2%","±0.1","26,572","±2,604","10,455","±597","0.3%","±0.1","20,245","±7,781","149,636","±2,459","0.4%","±0.1","29,721","±867","8,883","±849","0.2%","±0.1","33,968","±5,469","1,189","±274","0.0%","±0.1","44,928","±16,357","705","±527","0.1%","±0.1","18,973","±12,476","328","±76","0.0%","±0.1","55,294","±14,013","13,339","±1,061","0.1%","±0.1","27,612","±5,121","7,127","±1,097","0.1%","±0.1","24,159","±6,661","147,698","±2,604","10.4%","±0.2","23,710","±800","3,174","±479","0.2%","±0.1","18,025","±4,734","5,196","±572","0.0%","±0.1","34,121","±5,354","2,205","±258","0.0%","±0.1","23,731","±4,029","3,941","±369","0.1%","±0.1","18,017","±2,907","2,344","±389","0.1%","±0.1","28,300","±11,070","3,033","±453","0.1%","±0.1","17,243","±3,407","1,743","±513","0.0%","±0.1","19,270","±3,815","190","±69","0.0%","±0.1","30,590","±12,522","2,650","±417","0.0%","±0.1","38,157","±7,675","2,786","±459","0.0%","±0.1","34,609","±7,157","3,117","±353","0.0%","±0.1","33,877","±8,198","2,201","±438","0.0%","±0.1","24,990","±5,576","1,215","±435","0.0%","±0.1","32,127","±11,871","8,887","±727","0.1%","±0.1","21,340","±2,404","595","±161","0.1%","±0.1","18,551","±3,352","1,235","±252","0.1%","±0.1","37,727","±34,987","21,398","±909","0.7%","±0.1","23,739","±1,571","424","±187","0.0%","±0.1","30,482","±15,170","3,156","±449","0.0%","±0.1","34,916","±8,248","1,853","±391","0.1%","±0.1","43,364","±36,106","9,376","±1,171","0.0%","±0.1","28,114","±3,137","7,368","±781","0.1%","±0.1","27,965","±8,871","1,004","±480","0.1%","±0.1","15,413","±6,360","3,907","±568","0.0%","±0.1","19,872","±3,086","6,418","±426","0.2%","±0.1","18,558","±5,401","16,445","±859","0.4%","±0.1","26,927","±2,899","4,268","±492","0.0%","±0.1","29,944","±6,036","790","±231","0.1%","±0.1","25,790","±8,285","3,633","±692","0.1%","±0.1","22,328","±4,657","544","±246","0.1%","±0.1","15,281","±4,758","3,959","±550","0.1%","±0.1","23,370","±4,169","25,328","±1,152","0.1%","±0.1","25,339","±2,032","29,450","±1,036","0.9%","±0.1","21,175","±1,226","205","±100","0.0%","±0.1","26,234","±5,753","5,994","±791","0.1%","±0.1","30,017","±4,587","51,117","±1,289","0.7%","±0.1","26,352","±1,245","474","±242","0.0%","±0.1","9,107","±6,092","2,672","±518","0.0%","±0.1","23,915","±4,642","589","±240","0.1%","±0.1","22,834","±10,000","258","±239","0.0%","±0.1","12,071","±14,883"
"            Some other race","74,996","±3,391","1.5%","±0.1","15,110","±1,304","12,231","±1,318","1.7%","±0.2","30,563","±3,203","492,027","±11,268","6.9%","±0.2","17,861","±389","88,363","±3,465","2.9%","±0.1","16,423","±938","5,623,747","±33,731","14.3%","±0.1","20,399","±136","233,413","±5,231","4.1%","±0.1","23,586","±755","192,217","±5,833","5.4%","±0.2","20,218","±783","21,937","±2,385","2.3%","±0.2","22,669","±2,440","33,764","±2,483","4.8%","±0.4","28,590","±2,459","699,596","±13,480","3.3%","±0.1","21,474","±596","306,609","±9,769","2.9%","±0.1","17,314","±553","19,791","±1,409","1.4%","±0.1","31,175","±2,311","66,052","±3,161","3.8%","±0.2","19,875","±2,007","757,150","±11,566","6.0%","±0.1","20,159","±288","157,085","±4,420","2.3%","±0.1","19,437","±997","39,804","±2,378","1.3%","±0.1","19,312","±1,079","78,857","±3,404","2.7%","±0.1","19,905","±1,375","48,165","±2,904","1.1%","±0.1","16,560","±1,470","72,815","±3,866","1.6%","±0.1","17,291","±883","4,846","±901","0.4%","±0.1","29,151","±5,417","285,370","±6,289","4.7%","±0.1","21,520","±543","286,774","±7,042","4.2%","±0.1","22,059","±591","131,580","±5,998","1.3%","±0.1","19,778","±783","118,748","±4,968","2.1%","±0.1","21,325","±907","33,999","±2,214","1.1%","±0.1","16,650","±1,668","76,782","±3,609","1.3%","±0.1","19,379","±1,225","8,142","±816","0.8%","±0.1","27,775","±4,572","48,683","±2,273","2.5%","±0.1","19,396","±1,069","326,603","±7,882","10.8%","±0.3","19,168","±412","8,543","±1,059","0.6%","±0.1","32,861","±4,267","564,662","±9,454","6.4%","±0.1","22,556","±527","184,680","±5,465","8.8%","±0.3","20,538","±629","1,670,723","±17,793","8.6%","±0.1","20,945","±230","334,295","±8,047","3.2%","±0.1","15,792","±391","8,875","±1,010","1.2%","±0.1","25,017","±4,891","129,717","±4,332","1.1%","±0.1","18,347","±901","109,614","±4,098","2.8%","±0.1","17,236","±732","140,247","±5,672","3.4%","±0.1","20,619","±1,134","312,888","±8,027","2.4%","±0.1","18,257","±724","59,003","±3,226","5.6%","±0.3","19,512","±1,480","102,760","±4,934","2.0%","±0.1","15,610","±708","7,320","±869","0.8%","±0.1","19,518","±1,981","103,760","±4,267","1.5%","±0.1","18,243","±2,479","1,788,398","±21,063","6.2%","±0.1","19,886","±268","160,786","±5,332","5.1%","±0.2","18,209","±649","2,677","±483","0.4%","±0.1","21,809","±3,254","240,542","±6,696","2.8%","±0.1","24,485","±1,016","360,578","±7,924","4.8%","±0.1","20,137","±547","9,278","±1,190","0.5%","±0.1","18,270","±2,815","134,715","±5,733","2.3%","±0.1","21,303","±2,446","9,707","±1,134","1.7%","±0.2","33,394","±13,037","608,067","±8,916","18.7%","±0.3","11,130","±233"
"        Two or more races","119,322","±3,836","2.4%","±0.1","18,094","±836","68,832","±2,443","9.3%","±0.3","23,091","±1,192","499,597","±10,837","7.0%","±0.2","24,533","±1,332","119,980","±3,823","4.0%","±0.1","19,194","±1,121","3,122,016","±30,556","7.9%","±0.1","26,600","±315","337,229","±6,691","5.9%","±0.1","25,293","±736","172,647","±5,838","4.8%","±0.2","23,776","±955","37,567","±2,214","3.9%","±0.2","22,180","±2,307","29,745","±2,238","4.2%","±0.3","51,757","±5,831","1,277,017","±13,341","6.0%","±0.1","24,378","±531","393,169","±9,768","3.7%","±0.1","21,758","±792","344,918","±5,198","24.3%","±0.4","27,072","±762","75,096","±2,621","4.3%","±0.1","19,757","±1,407","539,552","±11,006","4.2%","±0.1","23,294","±667","222,591","±4,863","3.3%","±0.1","17,415","±838","92,979","±2,380","3.0%","±0.1","16,186","±761","140,045","±3,743","4.8%","±0.1","18,134","±851","124,716","±3,448","2.8%","±0.1","15,958","±706","125,653","±4,865","2.7%","±0.1","23,774","±3,430","36,960","±1,514","2.8%","±0.1","19,682","±1,326","271,139","±6,604","4.5%","±0.1","28,842","±1,095","328,244","±7,932","4.8%","±0.1","26,299","±795","376,280","±6,658","3.8%","±0.1","19,283","±495","217,451","±4,886","3.9%","±0.1","20,953","±782","50,030","±2,325","1.7%","±0.1","17,416","±1,470","214,318","±5,391","3.5%","±0.1","19,606","±718","40,705","±1,718","3.8%","±0.2","19,532","±1,152","75,937","±2,555","3.9%","±0.1","16,359","±836","228,481","±6,269","7.5%","±0.2","21,749","±1,397","39,852","±1,715","2.9%","±0.1","23,936","±1,921","427,611","±7,406","4.8%","±0.1","27,748","±711","170,302","±5,226","8.1%","±0.2","22,309","±1,086","921,553","±12,294","4.7%","±0.1","28,057","±699","378,369","±7,124","3.6%","±0.1","18,036","±699","23,942","±1,565","3.1%","±0.2","20,696","±2,112","415,149","±7,311","3.6%","±0.1","18,656","±1,240","344,837","±4,211","8.7%","±0.1","19,749","±497","257,972","±4,915","6.2%","±0.1","22,814","±749","433,025","±8,330","3.4%","±0.1","20,786","±855","52,321","±3,027","4.9%","±0.3","21,746","±2,196","151,711","±4,469","3.0%","±0.1","17,774","±1,482","30,020","±1,693","3.4%","±0.2","17,102","±2,202","198,988","±4,232","2.9%","±0.1","18,650","±833","1,998,084","±22,167","7.0%","±0.1","22,187","±419","133,651","±4,644","4.2%","±0.1","19,570","±944","17,135","±985","2.7%","±0.2","21,047","±1,557","405,786","±7,686","4.8%","±0.1","27,980","±1,460","531,976","±8,866","7.1%","±0.1","25,097","±544","43,760","±2,272","2.4%","±0.1","16,423","±2,297","194,564","±4,282","3.4%","±0.1","18,859","±1,496","22,718","±1,348","3.9%","±0.2","23,755","±2,922","315,381","±6,816","9.7%","±0.2","14,126","±454"
"        Hispanic or Latino origin (of any race)","212,951","±536","4.4%","±0.1","17,349","±598","53,059","±82","7.2%","±0.1","26,402","±1,155","2,260,690","*****","31.5%","*****","19,706","±223","229,629","±139","7.6%","±0.1","17,290","±701","15,380,929","*****","39.1%","*****","21,952","±104","1,231,126","±429","21.7%","±0.1","22,674","±285","587,212","*****","16.4%","*****","23,147","±462","91,350","*****","9.4%","*****","22,537","±1,475","77,981","*****","11.1%","*****","44,162","±2,818","5,468,826","±159","25.8%","±0.1","24,498","±212","1,013,057","±623","9.6%","±0.1","19,944","±370","152,566","*****","10.7%","*****","24,059","±810","222,967","*****","12.7%","*****","18,029","±699","2,190,696","±236","17.2%","±0.1","21,679","±224","475,475","±244","7.1%","±0.1","19,299","±447","194,407","±141","6.2%","±0.1","18,469","±521","351,602","±132","12.1%","±0.1","18,877","±379","167,949","±595","3.8%","±0.1","19,047","±662","243,372","±451","5.2%","±0.1","24,706","±1,877","23,143","*****","1.7%","*****","25,962","±1,752","619,418","*****","10.3%","*****","26,545","±562","828,140","*****","12.0%","*****","23,628","±372","521,203","±86","5.2%","±0.1","20,839","±417","307,675","±48","5.5%","±0.1","21,485","±421","94,342","±542","3.2%","±0.1","18,547","±1,475","262,677","±285","4.3%","±0.1","21,010","±638","41,501","±188","3.9%","±0.1","20,971","±1,341","214,952","±103","11.2%","±0.1","18,473","±714","875,798","*****","28.9%","*****","20,418","±302","52,792","*****","3.9%","*****","25,791","±1,413","1,815,078","*****","20.4%","*****","25,973","±323","1,031,788","*****","49.2%","*****","21,378","±265","3,720,707","*****","19.1%","*****","25,017","±250","991,051","±52","9.5%","±0.1","17,133","±286","30,325","±128","4.0%","±0.1","21,250","±1,744","459,939","±251","3.9%","±0.1","20,742","±579","431,467","*****","10.9%","*****","16,803","±307","552,279","*****","13.2%","*****","20,085","±529","971,813","±108","7.6%","±0.1","20,089","±446","168,007","*****","15.9%","*****","20,514","±944","296,897","±80","5.8%","±0.1","18,790","±504","36,088","±184","4.1%","±0.1","18,275","±1,738","377,162","±160","5.6%","±0.1","17,853","±567","11,294,257","±335","39.4%","±0.1","20,260","±116","446,067","*****","14.2%","*****","19,323","±321","12,518","*****","2.0%","*****","23,282","±2,076","810,770","±438","9.5%","±0.1","28,088","±604","971,522","*****","12.9%","*****","21,851","±352","28,679","±422","1.6%","±0.1","20,871","±1,556","408,267","*****","7.0%","*****","18,700","±387","58,854","±84","10.1%","±0.1","23,839","±2,425","3,212,625","±2,095","98.7%","±0.1","13,215","±112"
"        White alone, not Hispanic or Latino","3,192,147","±1,410","65.2%","±0.1","33,384","±288","439,979","±831","59.7%","±0.1","45,441","±564","3,883,722","±2,653","54.1%","±0.1","41,123","±284","2,155,099","±3,062","71.6%","±0.1","30,946","±300","14,365,145","±5,737","36.5%","±0.1","55,603","±238","3,837,450","±2,745","67.5%","±0.1","46,258","±291","2,357,942","±2,099","66.0%","±0.1","54,497","±404","595,236","±1,435","61.5%","±0.1","42,087","±573","257,792","±975","36.7%","±0.1","95,631","±1,603","11,331,222","±5,137","53.4%","±0.1","40,572","±222","5,478,289","±3,969","52.1%","±0.1","39,850","±289","306,360","±423","21.6%","±0.1","51,160","±939","1,427,529","±1,903","81.4%","±0.1","31,800","±387","7,737,459","±2,612","60.8%","±0.1","44,581","±194","5,253,453","±2,311","78.4%","±0.1","33,224","±186","2,677,946","±1,027","85.0%","±0.1","35,272","±256","2,193,988","±1,505","75.3%","±0.1","36,385","±236","3,751,738","±1,856","84.1%","±0.1","30,608","±226","2,720,638","±1,495","58.3%","±0.1","35,884","±346","1,242,113","±1,388","92.6%","±0.1","34,642","±312","3,028,494","±2,404","50.2%","±0.1","52,723","±325","4,865,022","±4,017","70.8%","±0.1","51,607","±306","7,428,622","±3,414","74.5%","±0.1","36,010","±170","4,422,490","±2,757","79.0%","±0.1","42,951","±183","1,680,938","±1,005","56.4%","±0.1","31,162","±265","4,826,943","±2,558","78.8%","±0.1","34,162","±203","908,782","±986","85.6%","±0.1","34,700","±462","1,507,127","±864","78.3%","±0.1","36,813","±301","1,460,159","±2,141","48.2%","±0.1","42,416","±496","1,214,029","±999","89.6%","±0.1","42,452","±373","4,858,807","±2,986","54.7%","±0.1","53,526","±281","769,139","±1,774","36.7%","±0.1","39,383","±475","10,766,297","±4,164","55.2%","±0.1","50,517","±264","6,503,292","±3,478","62.6%","±0.1","37,779","±223","636,284","±828","83.7%","±0.1","39,158","±500","9,141,370","±3,392","78.3%","±0.1","35,192","±149","2,563,119","±1,430","64.9%","±0.1","34,754","±840","3,128,494","±2,058","74.9%","±0.1","38,801","±241","9,685,118","±5,436","75.7%","±0.1","39,275","±192","755,708","±908","71.4%","±0.1","43,013","±558","3,230,111","±1,871","63.4%","±0.1","36,474","±313","715,328","±667","81.3%","±0.1","34,977","±400","4,969,371","±2,858","73.4%","±0.1","33,927","±223","11,850,477","±4,591","41.4%","±0.1","44,856","±200","2,455,192","±1,547","77.9%","±0.1","33,787","±249","576,601","±405","92.4%","±0.1","36,853","±465","5,209,336","±2,173","61.2%","±0.1","47,134","±379","5,067,909","±3,058","67.5%","±0.1","45,496","±255","1,654,681","±1,421","91.5%","±0.1","27,973","±275","4,681,072","±2,808","80.6%","±0.1","37,640","±177","485,816","±443","83.6%","±0.1","36,402","±591","31,715","±1,746","1.0%","±0.1","22,136","±2,180"